chembl_id,smiles
CHEMBL6329,Cc1cc(-n2ncc(=O)[nH]c2=O)ccc1C(=O)c1ccccc1Cl
CHEMBL6328,Cc1cc(-n2ncc(=O)[nH]c2=O)ccc1C(=O)c1ccc(C#N)cc1
CHEMBL265667,Cc1cc(-n2ncc(=O)[nH]c2=O)cc(C)c1C(O)c1ccc(Cl)cc1
CHEMBL6362,Cc1ccc(C(=O)c2ccc(-n3ncc(=O)[nH]c3=O)cc2)cc1
CHEMBL267864,Cc1cc(-n2ncc(=O)[nH]c2=O)ccc1C(=O)c1ccc(Cl)cc1
CHEMBL6363,Cc1cc(-n2ncc(=O)[nH]c2=O)ccc1C(=O)c1ccccc1
CHEMBL6352,Cc1cc(Br)ccc1C(=O)c1ccc(-n2ncc(=O)[nH]c2=O)cc1Cl
CHEMBL268097,O=C(c1ccc(Cl)cc1Cl)c1ccc(-n2ncc(=O)[nH]c2=O)cc1Cl
CHEMBL266457,CS(=O)(=O)c1ccc(C(=O)c2ccc(-n3ncc(=O)[nH]c3=O)cc2Cl)cc1
CHEMBL6214,CSc1ccc(C(=O)c2ccc(-n3ncc(=O)[nH]c3=O)cc2Cl)cc1
CHEMBL6222,O=C(c1ccc(Cl)cc1)c1ccc(-n2ncc(=O)[nH]c2=O)cc1Cl
CHEMBL6206,O=C1O/C(=C/Br)CCC1c1cccc2ccccc12
CHEMBL6223,O=C1O/C(=C/I)CCC1c1cccc2ccccc12
CHEMBL269758,C#C/C=C1\CCC(c2cccc3ccccc23)C(=O)O1
CHEMBL6228,O=C1O/C(=C\I)CCC1c1cccc2ccccc12
CHEMBL268365,O=C(c1ccccc1)c1ccc(-n2ncc(=O)[nH]c2=O)cc1
CHEMBL6230,O=c1cnn(-c2ccc(C(O)c3ccc(Cl)cc3)c(Cl)c2)c(=O)[nH]1
CHEMBL6254,O=C(c1ccccc1)c1cc(-n2ncc(=O)[nH]c2=O)ccc1Cl
CHEMBL6268,Cc1cc(-n2ncc(=O)[nH]c2=O)ccc1C(O)c1ccccc1
CHEMBL414196,COc1cc2nc(N3CCN(C(=O)C4CC4c4ccccc4)CC3)nc(N)c2cc1OC
CHEMBL268528,COc1ccc(C(=O)c2ccc(-n3ncc(=O)[nH]c3=O)cc2)cc1
CHEMBL112998,COc1cc2nc(N3CCN(S(=O)(=O)c4cccs4)CC3)nc(N)c2cc1OC
CHEMBL6354,Nc1cc[n+](Cc2cccc(-c3cccc(C[n+]4ccc(N)c5ccccc54)c3)c2)c2ccccc12
CHEMBL429017,Nc1cc[n+](Cc2ccc(CCc3ccc(C[n+]4ccc(N)c5ccccc54)cc3)cc2)c2ccccc12
CHEMBL6361,Nc1cc[n+](Cc2ccc(/C=C\c3ccc(C[n+]4ccc(N)c5ccccc54)cc3)cc2)c2ccccc12
CHEMBL6356,Nc1cc[n+](Cc2ccc3c(c2)Cc2cc(C[n+]4ccc(N)c5ccccc54)ccc2-3)c2ccccc12
CHEMBL269729,Nc1cc[n+](Cc2ccc(-c3ccc(C[n+]4ccc(N)c5ccccc54)cc3)cc2)c2ccccc12
CHEMBL6344,Cc1cc(-n2ncc(=O)[nH]c2=O)ccc1C(=O)c1ccc(Cl)cc1Cl
CHEMBL6315,Nc1cc[n+](Cc2ccc(Cc3ccc(C[n+]4ccc(N)c5ccccc54)cc3)cc2)c2ccccc12
CHEMBL263077,COc1cc2nc(N3CCN(C(=O)CCc4ccccc4)CC3)nc(N)c2cc1OC
CHEMBL6347,COc1ccc(/C=C/C(=O)N2CCN(c3nc(N)c4cc(OC)c(OC)cc4n3)CC2)cc1
CHEMBL6348,COc1cc2nc(N3CCN(C(=O)/C=C/c4cccc(F)c4)CC3)nc(N)c2cc1OC
CHEMBL6339,COc1cc2nc(N3CCN(C(=O)C4CC5C=CC4C5)CC3)nc(N)c2cc1OC
CHEMBL6340,C/C=C/C=C/C(=O)N1CCN(c2nc(N)c3cc(OC)c(OC)cc3n2)CC1
CHEMBL268768,COc1cc2nc(N3CCN(C(=O)/C=C/c4ccccc4)CC3)nc(N)c2cc1OC
CHEMBL6358,COc1cc2nc(N3CCN(C(=O)/C=C/c4ccc(F)cc4)CC3)nc(N)c2cc1OC
CHEMBL6351,COc1cc2nc(N3CCN(C(=O)/C=C/c4ccc(Cl)cc4)CC3)nc(N)c2cc1OC
CHEMBL6342,COc1cc2nc(N3CCN(C(=O)/C(F)=C/c4ccccc4)CC3)nc(N)c2cc1OC
CHEMBL6218,COc1cc2nc(N3CCN(C(=O)Nc4ccccc4)CC3)nc(N)c2cc1OC
CHEMBL6208,COc1cc2nc(N3CCN(/C(S)=N/C4CCCCC4)CC3)nc(N)c2cc1OC
CHEMBL429379,COc1cc2nc(N3CCN(C(=O)C4=CC5C=CC4CC5)CC3)nc(N)c2cc1OC
CHEMBL415285,COc1cc2nc(N3CCN(S(=O)(=O)c4ccc(C)cc4)CC3)nc(N)c2cc1OC
CHEMBL264721,COc1cc2nc(N3CCN(/C(S)=N/c4ccccc4)CC3)nc(N)c2cc1OC
CHEMBL415286,O=C(c1ccc(-n2ncc(=O)[nH]c2=O)cc1)c1cccs1
CHEMBL6226,Cc1cc(-n2ncc(=O)[nH]c2=O)ccc1Cc1ccccc1
CHEMBL6236,Cc1cc(-n2ncc(=O)[nH]c2=O)cc(Cl)c1C(=O)c1ccc(Cl)cc1
CHEMBL6237,O=C(c1ccccc1)c1cccc(-n2ncc(=O)[nH]c2=O)c1
CHEMBL6238,Cc1cc(-n2ncc(=O)[nH]c2=O)cc(C)c1C(=O)c1ccc(Cl)cc1
CHEMBL266484,Cc1cc(Cl)ccc1C(=O)c1ccc(-n2ncc(=O)[nH]c2=O)cc1C
CHEMBL6239,CC(=O)c1ccc(-n2ncc(=O)[nH]c2=O)cc1Cl
CHEMBL6240,O=C(c1ccccc1)c1ccc(-n2ncc(=O)[nH]c2=O)cc1Cl
CHEMBL6243,Cc1cc(C)c(C(=O)c2ccc(-n3ncc(=O)[nH]c3=O)cc2)c(C)c1
CHEMBL6272,O=C(c1ccc(Cl)cc1)c1ccc(-n2ncc(=O)[nH]c2=O)cc1
CHEMBL269496,Cc1cc(-n2ncc(=O)[nH]c2=O)ccc1C(O)c1ccc(Cl)cc1
CHEMBL6283,c1cncc(CN2CCN(CC3CCCCN3)CC2)c1
CHEMBL6284,c1cc(CN2CCN(CC3CCCCN3)CC2)ccn1
CHEMBL6277,CN1CCCCC1CN1CCN(Cc2ccncc2)CC1
CHEMBL268830,CN1CCCCC1CN1CCN(Cc2cccnc2)CC1
CHEMBL6290,COc1cc2nc(N3CCN(C(=O)/C=C/c4ccc(Br)cc4)CC3)nc(N)c2cc1OC
CHEMBL6308,CCCC(=O)c1ccc(-n2ncc(=O)[nH]c2=O)cc1
CHEMBL268150,CC(=O)c1ccc(-n2ncc(=O)[nH]c2=O)cc1
CHEMBL6293,O=c1cnn(-c2ccc(-c3ccc4oc5ccc(Cl)cc5c(=O)c4c3)cc2)c(=O)[nH]1
CHEMBL268831,CN1CCC[C@H]1CN1CCN(Cc2ccncc2)CC1
CHEMBL267915,CN1CCC[C@H]1CN1CCN(Cc2cccnc2)CC1
CHEMBL2,COc1cc2nc(N3CCN(C(=O)c4ccco4)CC3)nc(N)c2cc1OC
CHEMBL6306,COC(=O)/C=C/C=C/C(=O)N1CCN(c2nc(N)c3cc(OC)c(OC)cc3n2)CC1
CHEMBL415103,COc1cc2nc(N3CCN(C(=O)C4OC4c4ccccc4)CC3)nc(N)c2cc1OC
CHEMBL6321,COc1cc2nc(N3CCN(C(=O)/C=C/C(=O)c4ccccc4)CC3)nc(N)c2cc1OC
CHEMBL6323,COc1cc2nc(N3CCN(C(=O)c4ccc5ccccc5c4)CC3)nc(N)c2cc1OC
CHEMBL6313,COc1cc2nc(N3CCN(/C(S)=N/c4ccc(N=[N+]=[N-])cc4)CC3)nc(N)c2cc1OC
CHEMBL266081,COc1cc2nc(N3CCN(C(=O)c4cccc(CCl)c4)CC3)nc(N)c2cc1OC
CHEMBL6314,COc1cc2nc(N3CCN(C(=O)/C=C/c4ccc(N=C=S)cc4)CC3)nc(N)c2cc1OC
CHEMBL204146,O=c1oc2c(O)c(O)ccc2c2ccc(O)cc12
CHEMBL6355,O=c1oc2ccccc2c2ccccc12
CHEMBL6364,O=c1oc2c(O)c(O)ccc2c2ccccc12
CHEMBL6365,O=c1oc2ccccc2c2cc(O)c(O)cc12
CHEMBL266458,O=c1oc2cc(O)c(O)cc2c2cc(O)c(O)cc12
CHEMBL6366,COc1cc2nc(N3CCN(C(=O)COc4ccccc4)CC3)nc(N)c2cc1OC
CHEMBL3,CN1CCC[C@H]1c1cccnc1
CHEMBL6346,O=C(C1CCCCN1)N1CCN(Cc2cccnc2)CC1
CHEMBL414181,c1cncc(CN2CCN(C[C@@H]3CCCN3)CC2)c1
CHEMBL6334,c1cc(CN2CCN(C[C@@H]3CCCN3)CC2)ccn1
CHEMBL263076,O=c1oc2c(O)c(O)ccc2c2cc(F)ccc12
CHEMBL6335,O=c1oc2c(Cl)c(Cl)ccc2c2cc(O)c(O)cc12
CHEMBL6336,Cc1cc(O)c(O)c2oc(=O)c3ccc(F)cc3c12
CHEMBL6353,ONC1c2cc(O)c(O)cc2-c2cc(O)c(O)cc21
CHEMBL6345,O=C1c2cc(O)c(O)cc2-c2cc(O)c(O)cc21
CHEMBL268770,O=c1oc2c(F)c(F)ccc2c2cc(O)c(O)cc12
CHEMBL6349,O=c1oc2cc(O)c(O)cc2c2cc(F)ccc12
CHEMBL413593,C[C@]12CCC3C(CC=C4C[C@@H](O)[C@H]5COC[C@]43C5)C1CC[C@@H]2OC1CC1
CHEMBL267358,C[C@]12CCC(=O)C=C1C(=O)CC1C2CC[C@@]2(C)C1CC[C@@H]2OC1CC1
CHEMBL6338,O=c1oc2c(O)c(O)ccc2c2cc(O)c(O)cc12
CHEMBL6201,Cn1c(CC(=O)O)cc(CO)c1C(=O)c1ccc(Cl)cc1
CHEMBL267913,C[C@]12CCC(=O)C=C1CCC1C2CC[C@@]2(C)C1CC[C@@H]2OC1CC1
CHEMBL6245,CC1(C)C2=CCC3C(CC[C@@]4(C)C3CC[C@@H]4OC3CC3)[C@@]2(C)CC[C@@H]1O
CHEMBL4,CC1COc2c(N3CCN(C)CC3)c(F)cc3c(=O)c(C(=O)O)cn1c23
CHEMBL5,CCn1cc(C(=O)O)c(=O)c2ccc(C)nc21
CHEMBL6246,O=c1oc2c(O)c(O)cc3c(=O)oc4c(O)c(O)cc1c4c23
CHEMBL6247,Cc1cc(O)c(O)c2oc(=O)c3cc(O)c(O)cc3c12
CHEMBL6311,CC(=O)/C=C/CC1C(=O)N2[C@@H](C(=O)O)C(C)(C)S(=O)(=O)[C@@H]12
CHEMBL6312,C=Cn1cc(C(=O)O)c(=O)c2cc(F)c(N3CCC(CNCC)C3)c(F)c21
CHEMBL6,COc1ccc2c(c1)c(CC(=O)O)c(C)n2C(=O)c1ccc(Cl)cc1
CHEMBL266220,O=C(C1CCCCN1)N1CCN(Cc2ccncc2)CC1
CHEMBL6233,O=C(C1CCCCN1)N1CCN(Cc2ccccn2)CC1
CHEMBL6234,O=C([C@@H]1CCCN1)N1CCN(Cc2cccnc2)CC1
CHEMBL268598,O=C([C@@H]1CCCN1)N1CCN(Cc2ccccn2)CC1
CHEMBL6253,C[C@]12CC[C@H](O)CC1=CCC1C2CC[C@@]2(C)C1CC[C@@H]2OC1CC1
CHEMBL414006,C[C@]12CCC3C(CCC4=CC(=O)[C@H]5COC[C@]43C5)C1CC[C@@H]2OC1CC1
CHEMBL267229,COc1cc(N2CCN(c3cc(OC)c(OC)c(OC)c3)CC2)cc(OC)c1OC
CHEMBL6244,COc1cc(C(=O)N2CCN(C(=O)c3cc(OC)c(OC)c(OC)c3)CC2)cc(OC)c1OC
CHEMBL6251,N[C@@H](CCC(=O)Nc1ccc([N+](=O)[O-])cc1)C(=O)O
CHEMBL263074,Cl.N[C@@H](CNC(=O)Nc1ccc([N+](=O)[O-])cc1)C(=O)O
CHEMBL6267,COC(=O)[C@@H](N)COC(=O)Nc1ccc([N+](=O)[O-])cc1.Cl
CHEMBL6285,COC(=O)[C@@H](N)CCC(=O)Nc1ccc([N+](=O)[O-])cc1.Cl
CHEMBL267627,CON(C)C(=O)/C=C/CC1C(=O)N2[C@@H]1[S+]([O-])C(C)(C)[C@@H]2C(=O)O
CHEMBL6286,CC1(C)[C@H](C(=O)O)N2C(=O)C(C/C=C/C=O)[C@H]2S1(=O)=O
CHEMBL403,CC1(C)[C@H](C(=O)O)N2C(=O)C[C@H]2S1(=O)=O
CHEMBL6289,CCNCC1CCN(c2c(F)cc3c(=O)c(C(=O)O)cn(OC)c3c2F)C1
CHEMBL6282,CCNCC1CCN(c2c(F)cc3c(=O)c(C(=O)O)cn(C4CC4C)c3c2F)C1
CHEMBL6300,COC(=O)[C@@H](N)CNC(=O)Nc1ccc([N+](=O)[O-])cc1.Cl
CHEMBL6301,CC(=O)/C=C/CC1C(=O)N2[C@@H](C(=O)O)C(C)(C)S(=O)(=O)[C@H]12
CHEMBL6309,COC(=O)/C=C/CC1C(=O)N2[C@@H](C(=O)O)C(C)(C)S(=O)(=O)[C@H]12
CHEMBL265664,CCNCC1CCN(c2c(F)cc3c(=O)c(C(=O)O)cn(C(C)C)c3c2F)C1
CHEMBL6265,CCNCC1CCN(c2c(F)cc3c(=O)c(C(=O)O)cn(C4CCCC4)c3c2F)C1
CHEMBL268887,CCNCC1CCN(c2c(F)cc3c(=O)c(C(=O)O)cn(-c4ccc(F)cc4)c3c2F)C1
CHEMBL6259,CN1CCN(c2cc3c(cc2F)c(=O)c(C(=O)O)cn3-c2ccc(F)cc2)CC1
CHEMBL404,C[C@]1(Cn2ccnn2)[C@H](C(=O)O)N2C(=O)C[C@H]2S1(=O)=O
CHEMBL6261,CC1(C)[C@H](C(=O)O)N2C(=O)[C@@H](Cc3cn(CC4CCCN4)nn3)[C@H]2S1(=O)=O
CHEMBL6281,CC1(C)[C@H](C(=O)O)N2C(=O)[C@@H](Cc3cn(-c4ccc(O)cc4)nn3)[C@H]2S1(=O)=O
CHEMBL6273,CN1CCN(c2c(F)cc3c(=O)c(C(=O)O)cn(CCF)c3c2F)CC1
CHEMBL6287,CCNCC1CCN(c2c(F)cc3c(=O)c(C(=O)O)cn(C)c3c2F)C1
CHEMBL267628,CCNCC1CCN(c2c(F)cc3c(=O)c(C(=O)O)cn(C4CCCCC4)c3c2F)C1
CHEMBL6291,Cn1cc(C2=C(c3cn(CCCSC(=N)N)c4ccccc34)C(=O)NC2=O)c2ccccc21
CHEMBL6292,CC1(C)[C@H](C(=O)O)N2C(=O)[C@@H](Cc3cn(-c4ccc(F)cc4)nn3)[C@H]2S1(=O)=O
CHEMBL267863,CC1(C)[C@H](C(=O)O)N2C(=O)[C@@H](Cc3cn(-c4ccc(N)cc4)nn3)[C@H]2S1(=O)=O
CHEMBL263882,CC1(C)[C@H](C(=O)O)N2C(=O)[C@@H](Cc3cn(CC(N)Cc4ccc(O)cc4)nn3)[C@H]2S1(=O)=O
CHEMBL6331,Cn1cc(C2=C(c3cn(CCC[N+](C)(C)C)c4ccccc34)C(=O)NC2=O)c2ccccc21
CHEMBL6332,Cn1cc(C2=C(c3cn(CCCCC(=N)N)c4ccccc34)C(=O)NC2=O)c2ccccc21
CHEMBL268769,CN(C)CCCn1cc(C2=C(c3cn(C)c4ccccc34)C(=O)NC2=O)c2ccccc21
CHEMBL269264,Cn1cc(C2=C(c3cn(CCCN)c4ccccc34)C(=O)NC2=O)c2ccccc21
CHEMBL6209,CCNCC1CCN(c2c(F)cc3c(=O)c(C(=O)O)cn(CC)c3c2F)C1
CHEMBL6210,CCNCC1CCN(c2c(F)cc3c(=O)c(C(=O)O)cn(C4CC4)c3c2F)C1
CHEMBL267386,Cn1cc(C2=C(c3cn(CCCN=C(N)N)c4ccccc34)C(=O)NC2=O)c2ccccc21
CHEMBL6220,CC1(C)[C@H](C(=O)O)N2C(=O)[C@@H](Cc3cn(-c4ccccc4)nn3)[C@H]2S1(=O)=O
CHEMBL267626,CC1(C)[C@H](C(=O)O)N2C(=O)C(C/C=C/C#N)[C@@H]2S1(=O)=O
CHEMBL6221,COC(=O)/C=C/CC1C(=O)N2[C@@H](C(=O)O)C(C)(C)S(=O)(=O)[C@@H]12
CHEMBL265663,CCNCC1CCN(c2c(F)cc3c(=O)c(C(=O)O)cn(CC(F)(F)F)c3c2F)C1
CHEMBL268292,Cn1cc(C2=C(c3cn(CCO)c4ccccc34)C(=O)NC2=O)c2ccccc21
CHEMBL6205,Cn1cc(C2=C(c3cn(CCCO)c4ccccc34)C(=O)NC2=O)c2ccccc21
CHEMBL441172,Cn1cc(C2=C(c3cn(CCCCO)c4ccccc34)C(=O)NC2=O)c2ccccc21
CHEMBL6199,Cn1cc(C2=C(c3cn(CCCCCO)c4ccccc34)C(=O)NC2=O)c2ccccc21
CHEMBL429244,CNCCCn1cc(C2=C(c3cn(C)c4ccccc34)C(=O)NC2=O)c2ccccc21
CHEMBL6204,COc1ccc(-c2c(-c3ccccn3)nc3n2CCC3)cc1
CHEMBL6229,CCc1cc2c(Sc3nnc(N)s3)ncnc2s1
CHEMBL6231,CNn1cc(C(=O)O)c(=O)c2cc(F)c(N3CCN(C)CC3)cc21
CHEMBL6215,CCc1cc2c(O)ncnc2s1
CHEMBL6235,Cn1cc(C2=C(c3cn(CCCCCN)c4ccccc34)C(=O)NC2=O)c2ccccc21
CHEMBL266483,Cn1cc(C2=C(c3cn(CCCCN)c4ccccc34)C(=O)NC2=O)c2ccccc21
CHEMBL8,O=C(O)c1cn(C2CC2)c2cc(N3CCNCC3)c(F)cc2c1=O
CHEMBL6224,C1=C(c2ccccc2)CCNC1
CHEMBL6225,CCNCC1CCN(c2c(F)cc3c(=O)c(C(=O)O)cn(CC4CC4)c3c2F)C1
CHEMBL6256,CCNCC1CCN(c2c(F)cc3c(=O)c(C(=O)O)cn(NC)c3c2F)C1
CHEMBL267230,C[N+]1([O-])CC=C(c2ccccc2)CC1
CHEMBL9,CCn1cc(C(=O)O)c(=O)c2cc(F)c(N3CCNCC3)cc21
CHEMBL268888,Cn1cc(C2=C(c3cn(CCCCSC(=N)N)c4ccccc34)C(=O)NC2=O)c2ccccc21
CHEMBL415287,CCNCC1CCN(c2c(F)cc3c(=O)c(C(=O)O)cn(CCF)c3c2F)C1
CHEMBL6250,O=C(O)c1ccc(-c2nc(-c3ccc4c(c3)OCO4)c(-c3ccccn3)[nH]2)cc1
CHEMBL10,C[S+]([O-])c1ccc(-c2nc(-c3ccc(F)cc3)c(-c3ccncc3)[nH]2)cc1
CHEMBL268889,c1ccc(-c2nc3n(c2-c2ccc4c(c2)OCO4)CCC3)nc1
CHEMBL266706,Fc1ccc(-c2c(-c3ccccn3)nc3n2CCS3)cc1
CHEMBL6304,Fc1ccc(-c2c(-c3ccccn3)nc3n2CCC3)cc1
CHEMBL266707,Fc1ccc(-c2c(-c3ccncc3)nc3n2CCS3)cc1
CHEMBL6294,Fc1ccc(-c2c(-c3cccnc3)nc3n2CCC3)cc1
CHEMBL6299,CCNCC1CCN(c2c(F)cc3c(=O)c(C(=O)O)cn(-c4nccs4)c3c2F)C1
CHEMBL263075,CCNCC1CCN(c2c(F)cc3c(=O)c(C(=O)O)cn(-c4ccccc4)c3c2F)C1
CHEMBL6262,CCNCC1CCN(c2c(F)cc3c(=O)c(C(=O)O)cn(C4CCC4)c3c2F)C1
CHEMBL6276,CCNCC1CCN(c2c(F)cc3c(=O)c(C(=O)O)cn(C4(C)CC4)c3c2F)C1
CHEMBL6279,Cn1cc(C2=C(c3cn(CCC/N=C(\N)N[N+](=O)[O-])c4ccccc34)C(=O)NC2=O)c2ccccc21
CHEMBL269056,CCc1cc2c(Cl)ncnc2s1
CHEMBL267127,CCc1cc2c(Sc3nnc(C)s3)ncnc2s1
CHEMBL269495,CCc1cc2c(Nc3nnc(C)s3)ncnc2s1
CHEMBL267678,Cc1ccc(Sc2cncc3sc(C(N)=O)cc23)cc1
CHEMBL267914,Cc1ccc(Sc2ccnc3sc(C(N)=O)cc23)cc1
CHEMBL6248,COc1ccc2sc(C(N)=O)c(OC(C)C)c2c1
CHEMBL269339,O=C(O)c1ccc(-c2nc(-c3ccc(F)cc3)c(-c3ccccn3)[nH]2)cc1
CHEMBL269341,N#Cc1ccc(-c2nc(-c3ccc4c(c3)OCO4)c(-c3ccccn3)[nH]2)cc1
CHEMBL440084,NC(=O)c1ccc(-c2nc(-c3ccccn3)c(-c3ccc4c(c3)OCO4)[nH]2)cc1
CHEMBL267228,OCc1ccc(-c2nc(-c3ccccn3)c(-c3ccc4c(c3)OCO4)[nH]2)cc1
CHEMBL6252,O=C(O)c1ccc(-c2nc(-c3ccc(F)cc3)c(-c3ccncc3)[nH]2)cc1
CHEMBL268529,Cn1cc(C2=C(c3cn(CCN)c4ccccc34)C(=O)NC2=O)c2ccccc21
CHEMBL267126,Cn1cc(C2=C(c3cn(CCSC(=N)N)c4ccccc34)C(=O)NC2=O)c2ccccc21
CHEMBL6274,Cn1cc(C2=C(c3cn(CCCCCSC(=N)N)c4ccccc34)C(=O)NC2=O)c2ccccc21
CHEMBL268530,Cc1ccc(Sc2cncc3sc(CO)cc23)cc1
CHEMBL6275,Cc1cc(C)cc(Sc2cncc3sc(C(N)=O)cc23)c1
CHEMBL267125,Cc1ccc(Sc2cncc3sc(C(N)=O)cc23)cc1C
CHEMBL269497,Cc1cccc(Sc2cncc3sc(C(N)=O)cc23)c1
CHEMBL6278,Cc1ccccc1Sc1cncc2sc(C(N)=O)cc12
CHEMBL267456,NC(=O)c1cc2c(Sc3ccccc3)cncc2s1
CHEMBL6316,Cc1ccc(Sc2cncc3sc(/C=N/OCC(=O)O)cc23)cc1
CHEMBL6258,Cc1ccc(Sc2cncc3sc(/C=N/O)cc23)cc1
CHEMBL6257,NC(=O)c1cc2c(Cl)cncc2s1
CHEMBL262570,C/C(=N\O)c1cc2c(Sc3ccc(C)cc3)cncc2s1
CHEMBL6264,Cc1ccc(Sc2cncc3sc(/C=N/OCC(N)=O)cc23)cc1
CHEMBL269598,Cc1ccc(Sc2cncc3sc(C(=O)NN)cc23)cc1
CHEMBL6369,COC(=O)c1cc2c(Sc3ccc(C)cc3)cncc2s1
CHEMBL6370,Cc1ccc(Sc2cncc3sc(C(=O)O)cc23)cc1
CHEMBL6371,Cc1ccc(Sc2cncc3sc(C(=O)c4ccccc4)cc23)cc1
CHEMBL266708,CC(=O)c1cc2c(Sc3ccc(C)cc3)cncc2s1
CHEMBL6381,Cc1ccc(Sc2cncc3sc(C=O)cc23)cc1
CHEMBL266460,Cc1ccc(Sc2cncc3sc(C(=O)N=C(N)N)cc23)cc1
CHEMBL6762,Cc1ccc(Sc2cncc3sc(C(=O)NCCCN4CCOCC4)cc23)cc1
CHEMBL266197,CCc1cc2c(Sc3ccc(C)cc3)cncc2s1
CHEMBL269075,CONC(=O)c1cc2c(Sc3ccc(C)cc3)cncc2s1
CHEMBL6517,CON(C)C(=O)c1cc2c(Sc3ccc(C)cc3)cncc2s1
CHEMBL263080,NC(=O)c1cc2c(Sc3ccccn3)cncc2s1
CHEMBL6534,NC(=O)c1cc2c(Sc3ccc(-c4ccccc4)cc3)cncc2s1
CHEMBL263081,COc1ccc(Sc2cncc3sc(C(N)=O)cc23)cc1
CHEMBL266198,NC(=O)c1cc2c(Sc3ccc(Br)cc3)cncc2s1
CHEMBL6612,NC(=O)c1cc2c(Sc3ccc(Cl)c(Cl)c3)cncc2s1
CHEMBL268567,NC(=O)c1cc2c(Sc3ccc(Cl)cc3)cncc2s1
CHEMBL428508,Cc1ccc(Sc2cncc3sc(C(=O)NCC(O)CO)cc23)cc1
CHEMBL266429,Cc1ccc(Sc2cncc3sc(C(=N)S)cc23)cc1
CHEMBL414201,CC(=O)OC1CC2(O)C3CCC4CC(OC=O)CCC4(C)C3CCC2(C)[C@H]1C1=CC(=O)OC1
CHEMBL269538,COc1ccc2c(c1)[nH]c1c(C)nccc12
CHEMBL6857,Brc1cccc2c3c([nH]c12)CNCC3
CHEMBL6746,Brc1cccc2c3c([nH]c12)C=NCC3
CHEMBL266572,Cc1ccc(Sc2cncc3sccc23)cc1
CHEMBL6558,CC(=O)OC1CCC2(C)C(CCC3C2CCC2(C)[C@H](C4=CC(=O)OC4)C(=O)CC32O)C1
CHEMBL6404,CCC(c1ccc(O)cc1)C(CC)c1ccc(O)c(F)c1
CHEMBL6717,COc1ccc2[nH]c3c(c2c1)CCN=C3
CHEMBL6532,C/N=C(/NC(N)=O)NC1c2cc(C#N)ccc2OC(C)(C)[C@H]1O
CHEMBL427969,COC(=O)OC1CCC2(C)C(CCC3C2CCC2(C)[C@@H](C4=CC(=O)OC4)C(O)CC32O)C1
CHEMBL6647,CN(C)c1cccc2c(S(=O)(=O)Nc3ncc(Br)nc3O)cccc12
CHEMBL266066,C#CCN(Cc1cc2c(O)nc(C)nc2cc1C)c1ccc(C(=O)NCc2cncs2)c(F)c1
CHEMBL6398,CNC(=N)NCCCC(N)P(=O)(O)O
CHEMBL269002,C/N=C(/NC(C)=O)NC1c2cc(C#N)ccc2OC(C)(C)[C@H]1O
CHEMBL264095,C#CCN(Cc1cc2c(O)nc(C)nc2cc1C)c1ccc(C(=O)NCc2cccc(C#N)c2)c(F)c1
CHEMBL6576,COc1nc(Br)cnc1NS(=O)(=O)c1cccc2ccccc12
CHEMBL6591,COc1cccc2[nH]c3c(c12)CCN=C3
CHEMBL6586,COc1cccc2[nH]c3c(c12)CCNC3
CHEMBL268151,C#CCN(Cc1cc2c(O)nc(C)nc2cc1C)c1ccc(C(=O)NCc2nccs2)c(F)c1
CHEMBL6388,NC(N)=NCCCC(N)P(=O)(O)O
CHEMBL6401,NC(N)=NCCCC(N)[PH](=O)O
CHEMBL6320,Cc1ccc([S+]([O-])c2cncc3sc(C(N)=O)cc23)cc1
CHEMBL268667,NC(=O)Sc1cncc2sc(C(N)=O)cc12
CHEMBL269570,NC(=O)c1cc2c(SCc3ccc(Cl)cc3)cncc2s1
CHEMBL6310,COc1ccc2c3c([nH]c2c1)CNCC3
CHEMBL269571,COc1cccc2c3c([nH]c12)CNCC3
CHEMBL6325,C#CCN(Cc1ccc2nc(C)nc(O)c2c1)c1ccc(C(=O)NCc2cccc([N+](=O)[O-])c2)cc1
CHEMBL268099,NC(=O)c1cc2c(SC3CCCCC3)cncc2s1
CHEMBL267938,Cc1occc1Sc1cncc2sc(C(N)=O)cc12
CHEMBL268070,Cc1nnc(Sc2cncc3sc(C(N)=O)cc23)s1
CHEMBL6829,C#CCN(Cc1ccc2nc(C)nc(O)c2c1)c1ccc(C(=O)NCc2ccccc2)cc1
CHEMBL6830,Cc1ccc(Sc2cncc3sc(C(N)=O)cc23)c(C)c1
CHEMBL6383,CC12CCC(OC=O)CC1CCC1C2CCC2(C)[C@@H](C3=CC(=O)OC3)C(O)CC12O
CHEMBL415107,CCC(c1ccc(O)c(F)c1)C(CC)c1ccc(O)c(F)c1
CHEMBL267937,CCC(c1ccc(O)cc1)C(CC)c1ccc(O)c(I)c1
CHEMBL266196,CN(C(=O)[C@H](Cc1ccc(CN)cc1)NS(=O)(=O)c1ccc2ccccc2c1)C1CCCC1
CHEMBL6442,Cc1ccc(Sc2cccc3sc(C(N)=O)cc23)cc1
CHEMBL6307,C#CCN(Cc1ccc2nc(C)nc(O)c2c1)c1ccc(C(=O)NCC)cc1
CHEMBL6296,CN(C)c1cccc2c(S(=O)(=O)Nc3ncc(Br)nc3C#N)cccc12
CHEMBL6305,CNC(=N)NCCCC(N)[PH](=O)O
CHEMBL266221,C1=NCCc2c1[nH]c1ccccc21
CHEMBL6297,CN(C)c1cccc2c(S(=O)(=O)Nc3ccc(Br)nn3)cccc12
CHEMBL6761,CN(C)c1cccc2c(S(=O)(=O)Nc3ccc(Cl)nn3)cccc12
CHEMBL269057,N/C(=N/CCCC(N)P(=O)(O)O)N[N+](=O)[O-]
CHEMBL6426,Brc1cccc2[nH]c3c(c12)CCNC3
CHEMBL6427,Brc1ccc2[nH]c3c(c2c1)CCNC3
CHEMBL6555,CNc1cccc2c(S(=O)(=O)Nc3ncc(Br)nc3OC)cccc12
CHEMBL268174,COc1nc(C)cnc1NS(=O)(=O)c1cccc2c(N(C)C)cccc12
CHEMBL6573,N/C(=N/CCCC(N)[PH](=O)O)N[N+](=O)[O-]
CHEMBL268691,COc1cc(Br)c2c3c([nH]c2c1)CNCC3
CHEMBL6615,CCC(c1ccc(O)cc1)C(CC)c1ccc(O)cc1
CHEMBL441891,Brc1ccc2c3c([nH]c2c1)CNCC3
CHEMBL263883,Cn1c2c(c3ccccc31)CCNC2
CHEMBL266798,Cc1ccc(Sc2nccc3sc(C(N)=O)cc23)cc1
CHEMBL6430,CCc1cc2c(NCc3ccccc3)ncnc2s1
CHEMBL266799,CCc1cc2c(Sc3ccccn3)ncnc2s1
CHEMBL428999,Brc1ccc2c3c([nH]c2c1)C=NCC3
CHEMBL6626,Brc1ccc2[nH]c3c(c2c1)CCN=C3
CHEMBL6632,C#CCN(Cc1cc2c(O)nc(C)nc2cc1C)c1ccc(C(=O)NCc2ccccn2)c(F)c1
CHEMBL267036,CNC(=O)NC1c2cc(C#N)ccc2OC(C)(C)[C@H]1O
CHEMBL265621,C/N=C(/NC#N)NC1c2cc(C#N)ccc2OC(C)(C)[C@H]1O
CHEMBL6557,Cn1c2c(c3ccccc31)CCNCC2
CHEMBL269236,c1ccc2c3c([nH]c2c1)CNCC3
CHEMBL6567,CC1OC(n2cc(F)c(=O)[nH]c2=O)C(O)C1O
CHEMBL6386,C[C@]12CCC3c4ccc(O)cc4CCC3C1CC[C@@H]2O
CHEMBL267702,C#CCN(Cc1ccc2nc(C)nc(O)c2c1)c1ccc(C(=O)NCc2nccs2)cc1
CHEMBL6384,CN/C(=N/C1=CC(C)(C)Oc2ccc(C#N)cc21)NC#N
CHEMBL6467,CSc1ccc(CC(C)N)cc1
CHEMBL269074,c1ccc2c3c([nH]c2c1)CCNC3
CHEMBL268387,Cc1ccc(NS(=O)(=O)c2cccc3c(N(C)C)cccc23)nn1
CHEMBL6389,O=C1N(CN2CCCCC2)c2ccccc2C12SCCS2
CHEMBL6390,O=C1Nc2ccccc2C12OCCCO2
CHEMBL266956,C#CCN(Cc1ccc2nc(C)nc(O)c2c1)c1ccc(C(=O)N[C@@H](C(=O)O)c2ccccc2)cc1
CHEMBL6412,COc1nc(Cl)cnc1NS(=O)(=O)c1cccc2c(N(C)C)cccc12
CHEMBL6616,COc1cc(CC(C)N)c(OC)cc1I
CHEMBL268689,CCC(Cc1ccc2c(c1)OCO2)NC
CHEMBL267599,Brc1cccc2[nH]c3c(c12)CCN=C3
CHEMBL6639,C#CCN(Cc1ccc2nc(C)nc(O)c2c1)c1ccc(C(=O)N[C@@H](C(=O)O)c2cccc(O)c2)cc1
CHEMBL6640,NCCc1c[nH]c2ccccc12
CHEMBL268854,C#CCN(Cc1ccc2nc(C)nc(O)c2c1)c1ccc(C(=O)NCc2ccc(Cl)cc2)cc1
CHEMBL6523,CCc1cc2c(Sc3ccc(C)cc3)ncnc2s1
CHEMBL266064,CCc1cc2c(SCc3ccccc3)ncnc2s1
CHEMBL269367,COc1cccc2c3c([nH]c12)C=NCC3
CHEMBL6409,COc1ccc2c3c([nH]c2c1)C=NCC3
CHEMBL266084,COc1ccc2[nH]c3c(c2c1)CCNC3
CHEMBL6560,C#CCN(Cc1ccc2nc(C)nc(O)c2c1)c1ccc(C(=O)NCC(=O)O)cc1
CHEMBL268100,C#CCN(Cc1ccc2nc(C)nc(O)c2c1)c1ccc(C(=O)NCc2cccc(C#N)c2)cc1
CHEMBL6548,O=C1Nc2ccc(Br)cc2C12SCCS2
CHEMBL6561,O=C1Nc2ccc(Cl)cc2C12OCCS2
CHEMBL6461,C[C@]1(/C=C/C#N)[C@H](C(=O)[O-])N2C(=O)C[C@H]2S1(=O)=O.[Na+]
CHEMBL6715,C#CCN(Cc1cc2c(O)nc(C)nc2cc1C)c1ccc(C(=O)N[C@@H](C(=O)O)C(C)C)c(F)c1
CHEMBL266316,O=C1Nc2c(C(F)(F)F)cccc2C12OCCO2
CHEMBL6391,Cc1c(CC(C)N)ccc2c1OCO2
CHEMBL6330,Cc1cc(CC(C)N)cc2c1OCO2
CHEMBL6588,CCOc1nc(Br)cnc1NS(=O)(=O)c1cccc2c(N(C)C)cccc12
CHEMBL6542,NC(=O)c1cc2c(Sc3ccc(C(F)(F)F)cc3)cncc2s1
CHEMBL6470,COc1ccc2c(c1)[nH]c1cnccc12
CHEMBL267164,COCCNC(=O)C1CCN(c2nc(N)c3cc(OC)c(OC)cc3n2)CC1
CHEMBL6831,CCN(CC)C(=O)C1CCCN(c2nc(N)c3cc(OC)c(OC)cc3n2)C1
CHEMBL269342,C#CCN(Cc1ccc2nc(C)nc(O)c2c1)c1ccc(C(=O)NCc2cscn2)cc1
CHEMBL6317,C#CCN(Cc1ccc2nc(C)nc(O)c2c1)c1ccc(C(=O)NCc2ccsc2)cc1
CHEMBL267457,CCCCNC(=O)CCC1CCN(c2nc(N)c3cc(OC)c(OC)cc3n2)CC1
CHEMBL267458,Cc1noc(NS(=O)(=O)c2cccc3c(N(C)C)cccc23)c1C
CHEMBL6446,COc1ccc(C2CN3CCN(C)CC3c3ccccc32)cc1
CHEMBL6399,CN(C)c1cccc2c(S(=O)(=O)Nc3cnccn3)cccc12
CHEMBL266315,CN(C)c1cccc2c(S(=O)(=O)Nc3ccc(Cl)cn3)cccc12
CHEMBL6400,CN(C)c1cccc2c(S(=O)(=O)Nc3ccc(Br)cc3)cccc12
CHEMBL6574,c1ccc(CN2CCN3CC(c4ccccc4)c4ccccc4C3C2)cc1
CHEMBL6575,CN1CCN2CC(c3ccc([N+](=O)[O-])cc3)c3ccc([N+](=O)[O-])cc3C2C1
CHEMBL6459,CN1CCN2CC(c3ccc(Cl)cc3)c3ccccc3C2C1
CHEMBL266801,CN1CCN2CC(c3ccc([N+](=O)[O-])cc3)c3ccccc3C2C1
CHEMBL6566,Cc1nc(NS(=O)(=O)c2cccc3c(N(C)C)cccc23)ccc1Br
CHEMBL6570,Nc1nc(N)c2nc(Sc3cccc(C(F)(F)F)c3)cnc2n1
CHEMBL6512,CCCc1nc(Br)cnc1NS(=O)(=O)c1cccc2c(N(C)C)cccc12
CHEMBL6800,COc1nc(Br)cnc1NS(=O)(=O)c1cccc2c(N(C)C)cccc12
CHEMBL6376,Cc1cc2c(cc1CC(C)N)OCO2
CHEMBL6368,CC(N)Cc1ccc(I)cc1
CHEMBL6380,COc1cc2nc(N3CCC(C(=O)Nc4ccccc4)CC3)nc(N)c2cc1OC
CHEMBL415288,COc1cc2nc(N3CCC(C(=O)N(C)Cc4ccccc4)CC3)nc(N)c2cc1OC
CHEMBL6627,CN1CCN2CC(c3ccccc3)c3ccccc3C2C1
CHEMBL404992,CCCN1CCN2CC(c3ccccc3)c3ccccc3C2C1
CHEMBL6543,CCc1nc(Br)cnc1NS(=O)(=O)c1cccc2c(N(C)C)cccc12
CHEMBL269537,COc1cc2nc(N3CCC(CC(=O)NCC4CC4)CC3)nc(N)c2cc1OC
CHEMBL6842,CC(N)Cc1ccc2c(c1)CCC2
CHEMBL6732,CCC(c1ccc(O)cc1)C(CC)c1ccc(O)c(Br)c1
CHEMBL266508,C#CCN(Cc1ccc2nc(C)nc(O)c2c1)c1ccc(C(=O)N[C@H](C)C(=O)O)cc1
CHEMBL6788,C#CCN(Cc1ccc2nc(C)nc(O)c2c1)c1ccc(C(=O)N[C@H](CCC)C(=O)O)cc1
CHEMBL6789,CCCCNC(=O)CC1CCN(c2nc(N)c3cc(OC)c(OC)cc3n2)CC1
CHEMBL266684,CN(C)c1cccc2c(S(=O)(=O)Nc3ccc(I)cn3)cccc12
CHEMBL266685,C/N=C(/NC#N)NC1c2cnccc2OC(C)(C)[C@H]1O
CHEMBL268340,CC12CCC(O)CC1CCC1C2CCC2(C)[C@@H](C3=CC(=O)OC3)C(OC=O)CC12O
CHEMBL266927,COc1cc2nc(N3CCC(C(N)=O)CC3)nc(N)c2cc1OC
CHEMBL6425,C/N=C(\NC1c2cc(C#N)ccc2OC(C)(C)[C@H]1O)NS(N)(=O)=O
CHEMBL6436,C#CCN(Cc1cc2c(O)nc(C)nc2cc1C)c1ccc(C(=O)N[C@@H](C(=O)O)C(C)(C)C)c(F)c1
CHEMBL6411,CN(C)c1cccc2c(S(=O)(=O)Nc3ccc(Br)cn3)cccc12
CHEMBL267833,O=C1Nc2ccc(I)cc2C12OCCO2
CHEMBL267834,O=C1Nc2cc(Cl)ccc2C12OCCO2
CHEMBL6382,Cc1nc(Br)cnc1NS(=O)(=O)c1cccc2c(N(C)C)cccc12
CHEMBL414200,CN(C)c1cccc2c(S(=O)(=O)Nc3cccnn3)cccc12
CHEMBL266039,c1ccc(CCN2CCN3CC(c4ccccc4)c4ccccc4C3C2)cc1
CHEMBL267705,CCN(CC)C(=O)C1CCN(c2nc(N)c3cc(OC)c(OC)cc3n2)CC1
CHEMBL6431,COc1cc2nc(N3CCC(C(=O)NCCO)CC3)nc(N)c2cc1OC
CHEMBL6432,Cc1c(C)c2c(c(C)c1O)CCC(C)(CN(C)CCOc1ccc(CC3SC(=O)NC3=O)cc1)O2
CHEMBL6628,O=c1[nH]c(=O)n(C2CC(O)C(CO)O2)cc1F
CHEMBL6638,CCCCCCN1CCN2CC(c3ccccc3)c3ccccc3C2C1
CHEMBL266317,COc1cc2nc(N3CCC(C(=O)NCCOc4ccccc4)CC3)nc(N)c2cc1OC
CHEMBL267832,C#CCN(Cc1ccc2nc(C)nc(O)c2c1)c1ccc(C(=O)N[C@@H](C(=O)O)C(C)C)cc1
CHEMBL6622,O=[N+]([O-])O[C@H]1CO[C@H]2[C@@H]1OC[C@H]2O[N+](=O)[O-]
CHEMBL6469,C[C@]1(/C=C\C#N)[C@H](C(=O)[O-])N2C(=O)[C@@H](CO)[C@H]2S1(=O)=O.[Na+]
CHEMBL269471,C[C@]1(/C=C/C#N)[C@H](C(=O)[O-])N2C(=O)[C@@H](CO)[C@H]2S1(=O)=O.[Na+]
CHEMBL6677,CC1(C)Oc2ccc(C#N)cc2C(N2CCCC2=O)[C@@H]1O
CHEMBL6663,C#CCN(Cc1ccc2nc(C)nc(O)c2c1)c1ccc(C(=O)N[C@@H](C(=O)O)C(C)(C)C)cc1
CHEMBL268627,CCNC(=O)C1CCN(c2nc(N)c3cc(OC)c(OC)cc3n2)CC1
CHEMBL6527,CC(C)(C)/N=C(/NC#N)NC1c2cc(C#N)ccc2OC(C)(C)[C@H]1O
CHEMBL6785,CCN(C)c1cccc2c(S(=O)(=O)Nc3ncc(Br)nc3OC)cccc12
CHEMBL6649,CNCC1NCC(c2ccccc2)c2ccccc21
CHEMBL266509,C#CCN(Cc1ccc2nc(C)nc(O)c2c1)c1ccc(C(=O)N[C@H](CCC(N)=O)C(=O)O)cc1
CHEMBL263079,CCNc1cccc2c(S(=O)(=O)Nc3ncc(Br)nc3OC)cccc12
CHEMBL6437,CN1CCN2c3ccccc3Cc3ccccc3C2C1
CHEMBL6511,Cc1c(C)c2c(c(C)c1O)CCC(C)(CNCCOc1ccc(/C=C3\SC(=O)NC3=O)cc1)O2
CHEMBL6528,CN(C)CC1c2ccccc2C(c2ccccc2)CN1C
CHEMBL451551,CC12CCC(OC=O)CC1CCC1C2CCC2(C)[C@@H](C3=CC(=O)OC3)C(OC=O)CC12O
CHEMBL6678,CO/N=C/[C@@]1(C)[C@H](C(=O)[O-])N2C(=O)[C@@H](CO)[C@H]2S1(=O)=O.[Na+]
CHEMBL6775,C#CCN(Cc1ccc2nc(C)nc(O)c2c1)c1ccc(C(=O)NCc2ccc([N+](=O)[O-])cc2)cc1
CHEMBL6471,Cc1c(C)c2c(c(C)c1O)CCC(C)(CN(C)CCOc1ccc(/C=C3\SC(=O)NC3=O)cc1)O2
CHEMBL6447,COc1cc2nc(N3CCC(C(=O)NCC4CC4)CC3)nc(N)c2cc1OC
CHEMBL6556,CCCCNC(=O)C1CCN(c2nc(N)c3cc(OC)c(OC)cc3n2)CC1
CHEMBL266279,CCCCNC(=O)C1CCCN(c2nc(N)c3cc(OC)c(OC)cc3n2)C1
CHEMBL6443,CN/C(=C\[N+](=O)[O-])NC1c2cc(C#N)ccc2OC(C)(C)[C@H]1O
CHEMBL269600,C#CCN(Cc1ccc2nc(C)nc(O)c2c1)c1ccc(C(=O)NCc2nc(C)cs2)cc1
CHEMBL6598,COc1cc2nc(N3CCC(C(=O)NC4CCCC4)CC3)nc(N)c2cc1OC
CHEMBL6433,CN(C)c1cccc2c(S(=O)(=O)Nc3ncc(Cl)cn3)cccc12
CHEMBL6463,Cc1ccc(NS(=O)(=O)c2cccc3c(N(C)C)cccc23)nc1
CHEMBL269536,CC1(C)Oc2ccc(C#N)cc2C(/N=C(/N)NC#N)[C@@H]1O
CHEMBL6464,O=C1N(CN2CCCCC2)c2ccccc2C12OCCO2
CHEMBL6731,CC(N)Cc1ccc2c(c1)OCO2
CHEMBL268690,O=c1[nH]c(=O)n(C2CC(O)C(CO)O2)cc1I
CHEMBL6497,Cc1cn(C2CC(O)C(CO)O2)c(=O)[nH]c1=O
CHEMBL6544,Nc1nc(N)c2nc(Sc3ccc(Cl)c(Cl)c3)cnc2n1
CHEMBL6468,CN(C)c1cccc2c(S(=O)(=O)Nc3ncccn3)cccc12
CHEMBL6676,C#CCN(Cc1ccc2nc(C)nc(O)c2c1)c1ccc(C(=O)N[C@H](CCC(=O)O)C(=O)O)cc1
CHEMBL268855,CN(C)c1cccc2c(S(=O)(=O)Nc3ccccn3)cccc12
CHEMBL263881,CCN(CC)C(=O)[C@@H]1C=C2c3cccc4[nH]cc(c34)C[C@H]2N(C)C1
CHEMBL415104,C#CCN(Cc1ccc2nc(C)nc(O)c2c1)c1ccc(C(=O)N[C@H](Cc2ccccc2)C(=O)O)cc1
CHEMBL6631,COc1ccc(Sc2cnc3nc(N)nc(N)c3n2)cc1
CHEMBL11,CN(C)CCCN1c2ccccc2CCc2ccccc21
CHEMBL6496,C#CCN(Cc1ccc2nc(C)nc(O)c2c1)c1ccc(C(=O)NCc2cncs2)cc1
CHEMBL6481,CCCCNC(=O)COC1CCN(c2nc(N)c3cc(OC)c(OC)cc3n2)CC1
CHEMBL6482,CCCCN1CCN2CC(c3ccccc3)c3ccccc3C2C1
CHEMBL414182,CN(C)CC1NCC(c2ccccc2)c2ccccc21
CHEMBL6603,CCNCC1NCC(c2ccccc2)c2ccccc21
CHEMBL6590,C#CCN(Cc1ccc2nc(C)nc(O)c2c1)c1ccc(C(=O)NCc2ccoc2)cc1
CHEMBL264097,C#CCN(Cc1ccc2nc(C)nc(O)c2c1)c1ccc(C(=O)NCc2ccco2)cc1
CHEMBL6816,O=C1Nc2ccccc2C12OCCO2
CHEMBL267427,Cc1c(C)c2c(c(C)c1O)C(CN(C)CCOc1ccc(CC3SC(=O)NC3=O)cc1)C(C)(C)O2
CHEMBL6502,COC(=O)CC/C=C\CC[C@H]1C(=O)C[C@@H](O)[C@@H]1/C=C/CC(C)(O)CCC1CCC1
CHEMBL6504,C/C=C(/C)C(=O)O[C@@]12C[C@@H](C)[C@]3(O)C4C=C(C)C(=O)[C@@]4(O)CC(COC(C)=O)=C[C@H]3[C@@H]1C2(C)C
CHEMBL6581,NC(=O)c1cc(-c2ccncc2)cnc1Cl
CHEMBL406,CC1Cc2ccccc2N1NC(=O)c1ccc(Cl)c(S(N)(=O)=O)c1
CHEMBL269773,Cc1c(C)c2c(c(C)c1O)C(CN(C)CCOc1ccc(/C=C3\SC(=O)NC3=O)cc1)C(C)(C)O2
CHEMBL267190,COC(=O)CC/C=C\CC[C@H]1C(=O)C[C@@H](O)[C@@H]1/C=C/CC(C)(O)CCC1CC1
CHEMBL268626,CCCOC(=O)c1ncn2c1CN(C)C(=O)c1sccc1-2
CHEMBL6595,Cc1cc(CCCCCOc2ccc(-c3nc(C)c(C)o3)cc2)on1
CHEMBL6580,CN1C(=O)C2(OCCO2)c2ccccc21
CHEMBL6460,O=C1N(CN2CCOCC2)c2ccccc2C12OCCO2
CHEMBL6499,Cc1cc2c(cc1/N=C(\S)Nc1ccc(S(N)(=O)=O)cc1)C(C)(C)CC(C)(C)S2
CHEMBL6424,COc1cc2nc(N3CCC(C(=O)NCCc4ccccc4)CC3)nc(N)c2cc1OC
CHEMBL6474,COc1cc2nc(N3CCC(C(=O)NCc4ccccc4)CC3)nc(N)c2cc1OC
CHEMBL415290,CCOC(=O)c1ncn2c1CN(C)C(=O)c1cc(Cl)ccc1-2
CHEMBL407,CCOC(=O)c1ncn2c1CN(C)C(=O)c1cc(F)ccc1-2
CHEMBL6484,NC(=O)c1cc(-c2ccccc2)nnc1Cl
CHEMBL266541,O=C1N(CN2CCCC2)c2ccccc2C12OCCO2
CHEMBL6554,COc1cc2c(cc1C)CC(N)C2
CHEMBL265669,C#CCN(Cc1ccc2nc(C)nc(O)c2c1)c1ccc(C(=O)N[C@@H](C(=O)O)c2ccc(F)cc2)cc1
CHEMBL6498,C#CCN(Cc1ccc2nc(C)nc(O)c2c1)c1ccc(C(=O)NC)cc1
CHEMBL6630,CN(C)c1cccc2c(S(=O)(=O)Nc3ncc(Br)cn3)cccc12
CHEMBL6486,CCOC(=O)CNC(=O)c1cc(-c2ccncc2)nnc1Cl
CHEMBL6487,O=C(NCc1ccc(Cl)cc1Cl)c1cc(-c2ccncc2)nnc1Cl
CHEMBL269368,COc1cccc(-c2ccc(N3CC(CNC(C)=O)OC3=O)cc2)cc1=O
CHEMBL415108,C/C=C(/C)C(=O)O[C@@]12C[C@@H](C)[C@]3(O)C4C=C(C)C(=O)[C@@]4(O)CC(CO)=C[C@H]3[C@@H]1C2(C)C
CHEMBL415105,C#CCN(Cc1ccc2nc(C)nc(O)c2c1)c1ccc(C(=O)Nc2ccccc2)cc1
CHEMBL6545,O=C1Nc2ccc(Cl)cc2C12OCCO2
CHEMBL6546,O=C1N(Cc2ccccc2)c2ccccc2C12OCCO2
CHEMBL6395,Cc1ccc2c(c1)C1(OCCO1)C(=O)N2
CHEMBL6444,Cc1cc(CCCCCOc2ccc(C3=NCCO3)cc2Cl)on1
CHEMBL266800,Cc1cc(CCCCCOc2ccc(C3=NCCO3)cc2)on1
CHEMBL269304,C=C(C)[C@]12C[C@@H](C)[C@@]34OC(Cc5ccccc5)(O[C@@H]1C3C=C(CO)C[C@]1(O)C(=O)C(C)=CC41)O2
CHEMBL6448,OCCOCOCc1cc(CCCCCOc2c(Cl)cc(C3=NCCO3)cc2Cl)on1
CHEMBL268388,Nc1nc(N)c2nc(Sc3cccc4ccccc34)cnc2n1
CHEMBL269572,Cc1c(C)c2c(c(C)c1O)C(COc1ccc(CC3SC(=O)NC3=O)cc1)C(C)(C)O2
CHEMBL408,Cc1c(C)c2c(c(C)c1O)CCC(C)(COc1ccc(CC3SC(=O)NC3=O)cc1)O2
CHEMBL6594,Cc1cc(CCCCCOc2c(Cl)cc(C3=NCCO3)cc2Cl)on1
CHEMBL6418,COC(=O)CC/C=C\CC[C@H]1C(=O)C[C@@H](O)[C@@H]1/C=C/CC(C)(O)CCC1CCCCC1
CHEMBL268412,Cc1cc(-c2nnn(C)n2)cc(C)c1OCCCCCc1cc(COCOCCO)no1
CHEMBL6747,CCN1CCN2CC(c3ccccc3)c3ccccc3C2C1
CHEMBL6455,CN1CCN2CC(c3ccc(N)cc3)c3ccccc3C2C1
CHEMBL540195,CN1CCN2CC(c3ccc(O)cc3)c3ccccc3C2C1
CHEMBL6623,Clc1ccc(C2CC3CCC2N3)cn1
CHEMBL6610,COc1cc2nc(N3CCC(C(=O)N4CCOCC4)CC3)nc(N)c2cc1OC
CHEMBL6435,COC(=O)CC/C=C\CC[C@H]1C(=O)C[C@@H](O)[C@@H]1/C=C/CC(C)(O)CCC1CCCCCC1
CHEMBL6445,c1ccc(C2CN3CCNCC3c3ccccc32)cc1
CHEMBL6519,C=CCNc1ccc(-c2ccc(N3CC(CNC(C)=O)OC3=O)cc2)ccc1=O
CHEMBL265410,C#CCN(Cc1ccc2nc(C)nc(O)c2c1)c1ccc(C(=O)NCCC)cc1
CHEMBL266065,C#CCN(Cc1ccc2nc(C)nc(O)c2c1)c1ccc(C(=O)NCc2ccccc2[N+](=O)[O-])cc1
CHEMBL6551,O=C(NCc1ccccc1)c1cc(-c2ccncc2)nnc1Cl
CHEMBL269004,CCCN(CCC)[C@H]1CCc2c(O)cccc2C1
CHEMBL6476,COc1ccc(-c2ccc(N3CC(CNC(C)=O)OC3=O)cc2)ccc1=O
CHEMBL266430,Cc1cc(O)nc2cc(N)ccc12
CHEMBL6703,Cc1cc(O)nc2cc(O)ccc12
CHEMBL269573,Cc1cc(=O)n(C(=O)OC(C)(C)C)c2c3c(ccc12)OC(C)(C)[C@H](O)[C@@H]3O
CHEMBL6392,Cc1cc(O)nc2c3c(ccc12)OC(C)(C)C=C3
CHEMBL6393,c1ccc2c(c1)cc1n2CCNC1
CHEMBL6385,COc1ccc2cc3n(c2c1)CCNC3
CHEMBL269073,COc1ccc2c(c1)cc1n2CCNC1
CHEMBL6503,c1ccc2c(c1)nc1n2CCNC1
CHEMBL266957,Cc1cc(=O)n(C(=O)OC(C)(C)C)c2c3c(ccc12)OC(C)(C)C=C3
CHEMBL6641,Cc1cc(CCCCCCCOc2ccc(C3=NC(C)CO3)cc2)on1
CHEMBL268339,CN(C)c1cccc2c(S(=O)(=O)Nc3cnc(Br)cn3)cccc12
CHEMBL6618,Nc1nc(N)c2nc(Sc3ccc4ccccc4c3)cnc2n1
CHEMBL6619,Oc1ccc(C(=C2CCCCC2)c2ccc(O)cc2)cc1
CHEMBL269003,C/C(=C(/C)c1ccc(O)cc1)c1ccc(O)cc1
CHEMBL6413,Oc1ccc(C(=C(C(F)(F)F)C(F)(F)F)c2ccccc2)cc1
CHEMBL6414,CN(C)c1cccc2c(S(=O)(=O)Nc3cccnc3)cccc12
CHEMBL415106,Cc1cc(Cl)nnc1NS(=O)(=O)c1cccc2c(N(C)C)cccc12
CHEMBL404505,c1ccc2oc(C3=NCCN3)cc2c1
CHEMBL6465,Nc1nc(N)c2nc(Sc3cc(Cl)c(Cl)cc3Cl)cnc2n1
CHEMBL267191,COC(=O)Nc1ccc(C2CC3CCC2N3)cn1
CHEMBL6489,Clc1ncc(C2CC3CCC2N3)cn1
CHEMBL6843,CCC1CCNc2cc3oc(=O)cc(C(F)(F)F)c3cc21
CHEMBL409,CC(O)(CS(=O)(=O)c1ccc(F)cc1)C(=O)Nc1ccc(C#N)c(C(F)(F)F)c1
CHEMBL12,CN1C(=O)CN=C(c2ccccc2)c2cc(Cl)ccc21
CHEMBL268176,O=C(CCl)Nc1ccc(C2CC3CCC2N3)cn1
CHEMBL6778,CN(C)c1cccc2c(S(=O)(=O)Nc3ccc(Cl)cc3)cccc12
CHEMBL6462,CC(=O)NC[C@H]1CN(c2ccc(C(C)=O)cc2)C(=O)O1
CHEMBL268454,NC(=O)c1cc(-c2ccc(Br)cc2)nnc1Cl
CHEMBL6524,CC1(C)CC(C)(C)c2cc(N/C(S)=N/c3ccc(S(N)(=O)=O)cc3)ccc2S1
CHEMBL6521,NC(=O)c1cc(-c2ccc(NS(=O)(=O)c3ccccc3)cc2)nnc1Cl
CHEMBL6597,CCOC(=O)c1ncn2c1CN(C)C(=O)c1cc(N=[N+]=[N-])ccc1-2
CHEMBL6421,CN1Cc2c(C(=O)OC(C)(C)C)ncn2-c2ccc(N=[N+]=[N-])cc2C1=O
CHEMBL266277,CN(C)c1cccc2c(S(=O)(=O)Nc3ccc(Br)nc3)cccc12
CHEMBL6553,CN(C)c1cccc2c(S(=O)(=O)Nc3cnc(Cl)cn3)cccc12
CHEMBL6582,NC(=O)c1cc(-c2ccc(Cl)cc2)nnc1Cl
CHEMBL6423,NC(=O)c1cc(-c2ccc(F)c(Cl)c2)nnc1Cl
CHEMBL6790,Oc1ccc(/C(=C(/c2ccc(O)cc2)C(F)(F)F)C(F)(F)F)cc1
CHEMBL6538,COc1ccc(-c2cc(C(N)=O)c(Cl)nn2)cc1
CHEMBL269599,CS(=O)(=O)c1c(F)cc(-c2cc(C(N)=O)c(Cl)nn2)cc1F
CHEMBL6415,O=C1NCCN(c2cccnc2)N1
CHEMBL6473,CNC(=O)c1cc(-c2ccncc2)nnc1Cl
CHEMBL268455,CN(C)C(=O)c1cc(-c2ccncc2)nnc1Cl
CHEMBL6475,N#Cc1cc(-c2ccncc2)nnc1Cl
CHEMBL6583,Cc1cnc(NS(=O)(=O)c2cccc3c(N(C)C)cccc23)cn1
CHEMBL6584,CN(C)/C=N\c1nc(/N=C/N(C)C)nc2ncc(Sc3ccc(Cl)c(Cl)c3)nc12
CHEMBL6422,COC(=O)CC/C=C\CC[C@H]1C(=O)C[C@@H](O)[C@@H]1/C=C/CC(C)(O)CCC1CCCC1
CHEMBL428159,COc1cc(-c2ccc(N3CC(CNC(C)=O)OC3=O)cc2)cccc1=O
CHEMBL6660,Cc1cc(NS(=O)(=O)c2cccc3c(N(C)C)cccc23)nnc1Cl
CHEMBL6651,O=C1Nc2cccc(Cl)c2C12OCCO2
CHEMBL6652,O=C1Nc2ccc([N+](=O)[O-])cc2C12OCCO2
CHEMBL266661,CCOC(=O)c1cc(-c2ccncc2)nnc1Cl
CHEMBL267399,c1ccc2c3c([nH]c2c1)C1=NCCN1CC3
CHEMBL6766,CCCNC(=O)CC1CCN(c2nc(N)c3cc(OC)c(OC)cc3n2)CC1
CHEMBL268116,Cc1cc(Br)cnc1NS(=O)(=O)c1cccc2c(N(C)C)cccc12
CHEMBL6729,CC(=O)NCC1CN(c2ccc(-c3ccc(N4CCOCC4)c(=O)cc3)cc2)C(=O)O1
CHEMBL6918,C=CCOc1ccc(-c2ccc(N3CC(CNC(C)=O)OC3=O)cc2)ccc1=O
CHEMBL7086,NC(=O)c1cnnc(-c2ccncc2)c1
CHEMBL6930,COc1nnc(-c2ccncc2)cc1C(N)=O
CHEMBL7019,CN(C)c1cccc2c(S(=O)(=O)Nc3cnc(Br)nc3)cccc12
CHEMBL415292,CN(C)c1cccc2c(S(=O)(=O)Nc3ccc(Cl)nc3)cccc12
CHEMBL6720,O=C1Nc2ccc(Br)cc2C12OCCO2
CHEMBL6792,C#CCNc1cccc(-c2ccc(N3CC(CNC(C)=O)OC3=O)cc2)cc1=O
CHEMBL6791,NC(=O)c1cc(-c2ccc(C(F)(F)F)cc2)nnc1Cl
CHEMBL7022,Clc1nc2ccccc2nc1N1CCNCC1
CHEMBL266979,CCCCC(C)(O)C/C=C/[C@H]1[C@H](O)CC(=O)[C@@H]1CC/C=C\CCC(=O)OC
CHEMBL268311,COC1(OC)C(=O)Nc2ccccc21
CHEMBL266544,O=C1Nc2ccccc2C12OCC(CCl)O2
CHEMBL7131,CC(C)CC(=O)C(=O)N1CCCCC1C(=O)OCCS(=O)(=O)c1ccccc1
CHEMBL6945,COc1c2occc2c(COCCC[N+](C)(C)C)c2ccc(=O)oc12.[Br-]
CHEMBL6946,Nc1ccc(S(=O)(=O)Nc2ccccc2S(N)(=O)=O)cc1
CHEMBL7020,Fc1ccc2nc(N3CCNCC3)cnc2c1
CHEMBL441329,COc1cccc2nc(N3CCNCC3)cnc12
CHEMBL13,COCCc1ccc(OCC(O)CNC(C)C)cc1
CHEMBL266473,CCC1CCc2cc3c(C(F)(F)F)cc(=O)oc3cc2N1
CHEMBL7289,CC1(C)CCc2cc3c(C(F)(F)F)cc(=O)oc3cc2N1
CHEMBL266359,O=C1N(CN2CCOCC2)c2ccccc2C12SCCS2
CHEMBL6378,CC1c2ccccc2CN1NC(=O)c1ccc(Cl)c(S(N)(=O)=O)c1
CHEMBL6379,O=c1ccc2cc3ccoc3c(OCCO)c2o1
CHEMBL6701,COc1c2occc2c(CN2CCCCC2)c2ccc(=O)oc12.Cl
CHEMBL6648,NS(=O)(=O)c1cccc2ccccc12
CHEMBL6456,Oc1ccc(/C(=C(/c2ccccc2)C(F)(F)F)C(F)(F)F)cc1
CHEMBL268098,O=c1cc(C(F)(F)F)c2cc3c(cc2o1)NCCC3
CHEMBL7087,NCCc1ccc(S(N)(=O)=O)cc1
CHEMBL6888,Clc1ccc2nc(N3CCNCC3)c(Sc3ccccc3)nc2c1
CHEMBL6977,NS(=O)(=O)c1cc(C(=O)NN2Cc3ccccc3C2CO)ccc1Cl
CHEMBL267142,N#Cc1ccc(-c2cc(C(N)=O)c(Cl)nn2)cc1
CHEMBL269560,NC1=NC(CC2CCCCC2)CCC1
CHEMBL6875,NC1=NC(Cc2ccccc2)CCC1
CHEMBL6876,CCC(c1ccc(O)cc1)C(CCBr)c1ccc(O)cc1
CHEMBL267270,O=c1cc(C(F)(F)F)c2cc3c(cc2o1)NCCC3C(F)(F)F
CHEMBL6805,Cc1c(-c2ccc(Cl)cc2)nnc(Cl)c1C(N)=O
CHEMBL6734,CSc1nnc(-c2ccncc2)cc1C(N)=O
CHEMBL6824,Cc1cc(CCCCCCCOc2ccc(C3=NC(C)(C)CO3)cc2)on1
CHEMBL266928,O=c1cc(C(F)(F)F)c2cc3c(cc2o1)NCCC3C(F)(F)C(F)(F)F
CHEMBL6440,CN1Cc2c(C(=O)OCC3CC3)ncn2-c2ccc(Cl)cc2C1=O
CHEMBL266195,C=CCc1ccccc1OCC(O)CNC(C)C
CHEMBL6441,CC1=CC(C)(C)Nc2cc3oc(=O)cc(C(F)(F)F)c3cc21
CHEMBL6530,CCC1CCN(C)c2cc3oc(=O)cc(C(F)(F)F)c3cc21
CHEMBL6529,Cc1ccc2nc(N3CCNCC3)cnc2c1
CHEMBL6357,C#CCN(Cc1ccc2nc(C)nc(O)c2c1)c1ccc(C(=O)NCc2ccccn2)cc1
CHEMBL6855,CCCC1CCNc2cc3oc(=O)cc(C(F)(F)F)c3cc21
CHEMBL6699,O=C(C(=O)N1CCCCC1C(=O)OCCS(=O)(=O)c1ccccc1)c1ccccc1
CHEMBL6740,CC(C)(C)C(=O)C(=O)N1CCCCC1C(=O)OCCCc1cccnc1
CHEMBL7055,N#Cc1ccc2nc(N3CCNCC3)cnc2c1
CHEMBL7056,Fc1cccc2nc(N3CCNCC3)cnc12
CHEMBL266543,Clc1cccc2nc(N3CCNCC3)cnc12
CHEMBL6850,C#CCN(Cc1ccc2nc(C)nc(O)c2c1)c1ccc(C(=O)NCc2cccc(C(=O)O)c2)cc1
CHEMBL6847,NC(=O)c1cc(-c2ccncc2)nnc1Cl
CHEMBL6865,CC1=C(C(=O)OC(C)(C)C)N2C(=O)/C(=C\OC(=O)C(C)(C)C)[C@H]2S(=O)(=O)C1
CHEMBL538393,CN(C)C1(C)C2CCC(C2)C1(C)C
CHEMBL6737,COc1ccc(OC)c(C[C@@H](C)N)c1
CHEMBL269153,FC(F)(F)c1ccc2nc(N3CCNCC3)c(Sc3ccccc3)nc2c1
CHEMBL6797,CC[N+](CC)(CC)Cc1c2ccoc2c(OC)c2oc(=O)ccc12.[Cl-]
CHEMBL7075,CC1(C)CC(C)(C)c2cc(NC(=S)Nc3ccc([N+](=O)[O-])cc3)ccc2S1
CHEMBL6907,C[C@H](N)Cc1c2ccoc2c(C(F)(F)F)c2ccoc12.Cl
CHEMBL6861,CC(C)OC(=O)c1ncn2c1CN(C)C(=O)c1cc(Cl)ccc1-2
CHEMBL6862,CCCOC(=O)c1ncn2c1CN(C)C(=O)c1cc(Cl)ccc1-2
CHEMBL7192,CCC(c1ccc(O)cc1)C(CCF)c1ccc(O)cc1
CHEMBL7203,CCC(c1ccc(O)cc1)C(CCCl)c1ccc(O)cc1
CHEMBL269703,CCC1COC(c2ccc(OCCCCCCCc3cc(C)no3)cc2)=N1
CHEMBL411,CC/C(=C(/CC)c1ccc(O)cc1)c1ccc(O)cc1
CHEMBL6752,COC(=O)c1ncn2c1CN(C)C(=O)c1sccc1-2
CHEMBL268113,CC(C)CC(=O)C(=O)N1CCCCC1C(=O)OCCCc1cccnc1
CHEMBL6714,O=C(C(=O)N1CCCCC1C(=O)OCCCc1cccnc1)c1ccccc1
CHEMBL6654,CCC1Nc2cc3oc(=O)cc(C(F)(F)F)c3cc2CC1C
CHEMBL267665,CCOC(=O)c1ncn2c1CN(C)C(=O)c1ccccc1-2
CHEMBL6835,COCc1c2ccoc2c(OC)c2oc(=O)ccc12
CHEMBL268856,CCC(c1ccc(O)cc1)C(CCI)c1ccc(O)cc1
CHEMBL412,CC12CCC3c4ccc(O)cc4CCC3C1CCC2O
CHEMBL6916,CC(=O)N1CCN(c2cnc3cc(Cl)ccc3n2)CC1
CHEMBL6992,CN1CCN(c2cnc3cc(Cl)ccc3n2)CC1
CHEMBL6606,CS(=O)(=O)c1ccc2nc(N3CCNCC3)cnc2c1
CHEMBL6634,CC1=C(C(=O)O)N2C(=O)[C@@H](NC(=O)C(N)c3ccccc3)[C@H]2SC1
CHEMBL6633,Nc1nccc(Nc2ccc(S(N)(=O)=O)cc2)n1
CHEMBL6635,CCO[C@H]1O[C@@H]2O[C@@]3(C)CCC4[C@H](C)CCC([C@H]1C)[C@]42OO3
CHEMBL6577,COc1c2occc2c(CO)c2ccc(=O)oc12
CHEMBL6589,COc1c2occc2c(CN2CCN(C)CC2)c2ccc(=O)oc12.Cl
CHEMBL267936,CNC1(C)C2CCC(C2)C1(C)C
CHEMBL6491,CNC1C2CCC(C2)C1(C)C
CHEMBL269237,CCOc1ccc(NS(=O)(=O)c2cccc3c(N(C)C)cccc23)nn1
CHEMBL6624,COc1ccc(NS(=O)(=O)c2cccc3c(N(C)C)cccc23)nn1
CHEMBL266240,Nc1cc(Cl)c(S(N)(=O)=O)cc1S(N)(=O)=O
CHEMBL6685,NS(=O)(=O)c1nc2ccc(O)cc2s1
CHEMBL6698,Oc1ccc2nc(N3CCNCC3)cnc2c1
CHEMBL7030,CNC1CC2CCC1(C)C2(C)C
CHEMBL6986,COC(=O)CC/C=C\CC[C@H]1C(=O)C[C@@H](O)[C@@H]1/C=C/CC(C)(O)CCCCO
CHEMBL440267,C=CCNc1cccc(-c2ccc(N3CC(CNC(C)=O)OC3=O)cc2)cc1=O
CHEMBL268175,C=CCOc1noc2c1CNCC2.Cl
CHEMBL6587,Cl.c1ccc(COc2noc3c2CNCC3)cc1
CHEMBL6568,CCN1CCc2onc(OC)c2C1.Cl
CHEMBL6569,O=[N+]([O-])c1ccc2nc(N3CCNCC3)cnc2c1
CHEMBL6387,CCCNc1ncnc2c1ncn2Cc1ccccc1F
CHEMBL269366,CN1Cc2c(C(=O)OC(C)(C)C)ncn2-c2ccsc2C1=O
CHEMBL6407,CN(C)N=Nc1ccc2c(c1)C(=O)N(C)Cc1c(C(=O)OC(C)(C)C)ncn1-2
CHEMBL6814,CN1Cc2c(C(=O)OC(C)(C)C)ncn2-c2ccc(N=C=S)cc2C1=O
CHEMBL269774,CCNc1ncnc2c1ncn2Cc1ccccc1F
CHEMBL16,O=C1NC(=O)C(c2ccccc2)(c2ccccc2)N1
CHEMBL269775,CC(CN1CCCCC1)OC(=O)[C@@H]1CCCN1C(=O)C(=O)C(C)(C)C
CHEMBL6367,CCC(C)(C)C(=O)C(=O)N1CCC[C@H]1C(=O)OCCCc1cccnc1
CHEMBL6374,CN1CC[N+](C)(CCCOc2c3occc3cc3ccc(=O)oc23)CC1.[Br-]
CHEMBL268832,C[N+](C)(C)CCCOc1c2occc2cc2ccc(=O)oc12.[Br-]
CHEMBL6837,Brc1ccc2nc(N3CCNCC3)cnc2c1
CHEMBL7146,Nc1ccc(S(=O)(=O)NCCc2ccc(S(N)(=O)=O)cc2)cc1
CHEMBL266026,Nc1ccc(S(=O)(=O)NCc2ccc(S(N)(=O)=O)cc2)cc1
CHEMBL269122,Nc1ccc(S(=O)(=O)Nc2ccc(S(N)(=O)=O)cc2)cc1
CHEMBL268439,Nc1ccc(S(=O)(=O)Nc2nnc(S(N)(=O)=O)s2)cc1
CHEMBL7290,CN1Cc2c(C(=O)OC(C)(C)C)ncn2-c2ccc([N+](=O)[O-])cc2C1=O
CHEMBL6668,CN(C)c1cccc2c(S(=O)(=O)Nc3ccc(C#N)nn3)cccc12
CHEMBL402580,O=C1Nc2ccccc2C12OCCS2
CHEMBL6798,O=C1Nc2ccccc2C12SCCS2
CHEMBL267835,CNC(=O)c1cc(Cl)nnc1Cl
CHEMBL6670,Clc1ccc2nc(N3CCNCC3)cnc2c1
CHEMBL269706,CCOc1noc2c1CN(C)CC2.Cl
CHEMBL414,NS(=O)(=O)c1ccc(C(=O)O)cc1
CHEMBL6784,NS(=O)(=O)c1ccc(CCO)cc1
CHEMBL6659,CN1Cc2c(C(=O)OC(C)(C)C)ncn2-c2ccc(I)cc2C1=O
CHEMBL269705,CCOC(=O)c1ncn2c1C1CCCN1C(=O)c1cc(Cl)ccc1-2
CHEMBL6839,C/N=c1\ccc(-c2ccc(N3CC(CNC(C)=O)OC3=O)cc2)ccc1O
CHEMBL6849,NS(=O)(=O)c1cc(C(=O)NN2Cc3ccccc3C2C(=O)O)ccc1Cl
CHEMBL6919,NS(=O)(=O)c1ccc(CO)cc1
CHEMBL267192,CNc1ncnc2c1ncn2Cc1ccc(N)cc1
CHEMBL6429,N#Cc1ccc(-c2cc(C(N)=O)c(Cl)nn2)cc1Cl
CHEMBL6439,NC(=O)c1cc(-c2ccc([N+](=O)[O-])cc2)nnc1Cl
CHEMBL269733,CN(N=O)c1cc(O)ccc1O
CHEMBL6564,COc1c2occc2c(COCCCO)c2ccc(=O)oc12
CHEMBL6565,CNc1ncnc2c1ncn2Cc1ccccc1
CHEMBL266037,CNc1ncnc2c1ncn2Cc1cccc(OCc2ccccc2)c1
CHEMBL6713,COc1ccc2nc(N3CCNCC3)cnc2c1
CHEMBL6704,CNc1ncnc2c1ncn2Cc1cccc(F)c1
CHEMBL6705,Nc1ccccc1S(N)(=O)=O
CHEMBL6753,Cn1nc(S(N)(=O)=O)sc1=N
CHEMBL265674,Nc1nnc(S(N)(=O)=O)s1
CHEMBL6852,Nc1cccc(S(N)(=O)=O)c1
CHEMBL268177,Nc1ccc(S(N)(=O)=O)cc1I
CHEMBL268787,CCN(CC)c1ncnc2c1ncn2Cc1ccccc1F
CHEMBL6726,Nc1nc(N)c2c([S+]([O-])c3ccc4ccccc4c3)cccc2n1
CHEMBL6723,CNc1ncnc2c1ncn2Cc1ccc(F)cc1F
CHEMBL269154,O=C(C(=O)N1CCC[C@H]1C(=O)OCCCc1cccnc1)c1ccccc1
CHEMBL6809,O=C(C(=O)N1CCC[C@H]1C(=O)OCCS(=O)(=O)c1ccccc1)c1ccccc1
CHEMBL6644,COc1cccc2c1C[C@@H](CO)NC(=O)[C@H](C(C)C)N2C
CHEMBL267667,COc1cccc(CC(=O)O)c1-c1ccc(Cl)cc1
CHEMBL6642,Nc1nc(N)c2c([S+]([O-])c3ccc(Cl)c(Cl)c3)cccc2n1
CHEMBL269059,Nc1nc(O)c2cc([S+]([O-])c3ccc4ccccc4c3)ccc2n1
CHEMBL6599,C/C(=C\Cn1oc(=O)[nH]c1=O)c1ccc(OCc2nc(-c3ccc(C(F)(F)F)cc3)oc2C)cc1
CHEMBL414011,COc1ccc2ncc(N3CCNCC3)nc2c1
CHEMBL266170,O=[N+]([O-])c1ccc2ncc(N3CCNCC3)nc2c1
CHEMBL415,CN(C)CCCN1c2ccccc2CCc2ccc(Cl)cc21
CHEMBL6901,Clc1cc2ncc(N3CCNCC3)nc2cc1Cl
CHEMBL6991,Nc1nc(O)c2cc(Sc3ccc4ccccc4c3)ccc2n1
CHEMBL269046,CNc1ncnc2c1ncn2Cc1c(F)cccc1Cl
CHEMBL7132,C[C@@H](N)Cc1c2ccoc2c(C(F)(F)F)c2ccoc12.Cl
CHEMBL263083,C[C@H](N)Cc1c2ccoc2c(Br)c2ccoc12.Cl
CHEMBL6706,C[C@@H](N)Cc1c2ccoc2c(Br)c2ccoc12.Cl
CHEMBL266432,Nc1nc2ccccc2nc1N1CCNCC1
CHEMBL7010,CCNC1C2CCC(C2)C1c1ccccc1
CHEMBL268543,CN(C)C1CC2CCC1(C)C2(C)C
CHEMBL7078,CCCCCCCCC#Cc1ccc2c(c1OC)C[C@@H](CO)NC(=O)[C@H](C(C)C)N2C
CHEMBL267144,CC(C)[C@H]1C(=O)N[C@H](CO)Cc2ccccc2N1C
CHEMBL7057,CCN(C)c1ncnc2c1ncn2Cc1ccccc1F
CHEMBL266930,Fc1ccccc1Cn1cnc2c(NC3CCCC3)ncnc21
CHEMBL6787,CNc1ncnc2c1ncn2Cc1cc(F)ccc1F
CHEMBL6817,CN(C)c1ncnc2c1ncn2Cc1c(F)cccc1F
CHEMBL267163,CNc1ncnc2c1ncn2Cc1c(F)cccc1F
CHEMBL7303,COC(=O)C1=CCCN(C)C1
CHEMBL269018,CC(=O)c1ccc(N2C(N)=NC(N)=NC2(C)C)cc1
CHEMBL268356,CCOC(=O)c1cccc(N2C(N)=NC(N)=NC2(C)C)c1
CHEMBL7236,Oc1nc2ccccc2nc1N1CCNCC1
CHEMBL268584,Nc1nc(N)c2cc(S(=O)(=O)c3ccc4ccccc4c3)ccc2n1
CHEMBL266660,CC(C)CC(=O)C(=O)N1CCC[C@H]1C(=O)OCCS(=O)(=O)c1ccccc1
CHEMBL6449,CC(C)(C)C(=O)C(=O)N1CCC[C@H]1C(=O)OCCCc1cccnc1
CHEMBL269305,CCC1CC(C)c2cc3c(C(F)(F)F)cc(=O)oc3cc2N1
CHEMBL415289,CC1CCNc2cc3oc(=O)cc(C(F)(F)F)c3cc21
CHEMBL7298,CN1Cc2c(C(=O)OC(C)(C)C)ncn2-c2ccccc2C1=O
CHEMBL427826,CC1(C)N=C(N)N=C(N)N1c1ccc(C(F)(F)F)cc1
CHEMBL414010,Cc1oc(-c2ccc(Cl)cc2)nc1COc1cccc(/C=C/C(C)n2oc(=O)[nH]c2=O)c1
CHEMBL440085,COc1noc2c1CN(C)CC2.Cl
CHEMBL7018,CC#CCOc1noc2c1CNCC2.Cl
CHEMBL7029,C/C(=C\Cn1oc(=O)[nH]c1=O)c1cccc(OCc2nc(-c3ccc(C(F)(F)F)cc3)oc2C)c1
CHEMBL7070,Cc1cccc(N2C(N)=NC(N)=NC2(C)C)c1
CHEMBL415293,CN1Cc2c(C(=O)OC(C)(C)C)ncn2-c2ccc(Cl)cc2C1=O
CHEMBL266088,FC(F)(F)c1ccc2nc(N3CCNCC3)cnc2c1
CHEMBL6684,Nc1ccc2nc(N3CCNCC3)cnc2c1
CHEMBL7004,Cc1ccc(N2C(N)=NC(N)=NC2(C)C)cc1
CHEMBL6710,C[C@@H](N)Cc1c2c(c(Br)c3c1OCC3)OCC2.Cl
CHEMBL6807,C=C(Br)COc1noc2c1CNCC2.Cl
CHEMBL6767,C#CCOc1noc2c1CNCC2.Cl
CHEMBL6838,C[C@H](N)Cc1c2ccoc2cc2ccoc12.Cl
CHEMBL6375,C/C=C/COc1noc2c1CNCC2.Cl
CHEMBL6377,CC(C)COc1noc2c1CNCC2.Cl
CHEMBL428334,COc1c2occc2c(CN2CCOCC2)c2ccc(=O)oc12.Cl
CHEMBL6451,COc1noc2c1CNCC2.Cl
CHEMBL6452,C[C@@H](N)Cc1c2c(c(C(F)(F)F)c3c1OCC3)OCC2.Cl
CHEMBL6453,CCCCCCCCC#Cc1ccc2c(c1)C[C@@H](CO)NC(=O)[C@H](C(C)C)N2C
CHEMBL6801,O=C(O)C1CN(c2cnc3ccccc3n2)CCN1
CHEMBL6780,c1ccc2nc(N3CCNCC3)cnc2c1
CHEMBL263084,CN1CCN(c2nc3ccc(S(N)(=O)=O)cc3nc2Cl)CC1
CHEMBL6721,CCC1CC(CC)c2cc3c(C(F)(F)F)cc(=O)oc3cc2N1
CHEMBL416,COc1c2occc2cc2ccc(=O)oc12
CHEMBL415475,COc1cccc(-c2ccc(Cl)cc2)c1CC(=O)O
CHEMBL266319,COc1cccc(N2C(N)=NC(N)=NC2(C)C)c1
CHEMBL6695,O=C1CN(c2cnc3ccccc3n2)CCN1
CHEMBL6756,Fc1cccc2ncc(N3CCNCC3)nc12
CHEMBL6712,CC(C)NCC(O)COc1ccc(CCOCC2CCCC2)cc1
CHEMBL7237,CC(C)CC(=O)C(=O)N1CCC[C@H]1C(=O)OCCCc1cccnc1
CHEMBL7238,CN(C=O)c1ncnc2c1ncn2Cc1ccccc1F
CHEMBL266943,COC(=O)c1ncn2c1CN(C)C(=O)c1cc(Cl)ccc1-2
CHEMBL7009,COC(=O)c1ncn2c1CN(C)C(=O)c1ccccc1-2
CHEMBL428674,COc1c2occc2c(CN(CCO)CCO)c2ccc(=O)oc12.Cl
CHEMBL269704,CC1(C)N=C(N)N=C(N)N1c1cccc(OCc2ccc(Cl)c(Cl)c2)c1
CHEMBL6661,CC(C)(C)c1ccc(N2C(N)=NC(N)=NC2(C)C)cc1
CHEMBL6749,CC(CCc1ccc(F)cc1)NCC(O)COc1ccc(CCOCC2CCC2)cc1
CHEMBL268809,NS(=O)(=O)c1cccc2cccnc12
CHEMBL6750,CCNC1CN(CCCOC)S(=O)(=O)c2sc(S(N)(=O)=O)cc21
CHEMBL266732,Fc1ccccc1Cn1cnc2c(NC3CCC3)ncnc21
CHEMBL6671,CC1(C)N=C(N)N=C(N)N1c1cccc(OCCCCOc2cccc(C(F)(F)F)c2)c1
CHEMBL6725,Cc1oc2c(C)c3oc(=O)cc(C)c3cc2c1CNCCO
CHEMBL6859,CCCOc1noc2c1CNCC2.Cl
CHEMBL6702,CC(C)Oc1noc2c1CNCC2.Cl
CHEMBL17,NS(=O)(=O)c1cc(Cl)c(Cl)c(S(N)(=O)=O)c1
CHEMBL266573,COc1ccc(N2C(N)=NC(N)=NC2(C)C)cc1
CHEMBL263078,C[C@H](N)Cc1c2c(c(Br)c3c1OCC3)OCC2.Cl
CHEMBL6620,COc1cc(C(F)(F)F)c(OC)cc1CC(C)N
CHEMBL269001,CCNC1CC(C)S(=O)(=O)c2sc(S(N)(=O)=O)cc21
CHEMBL6607,COc1cc(CC(C)N)c(OC)cc1Br
CHEMBL267037,COc1ccc(CC(=O)O)cc1-c1ccc(Cl)cc1
CHEMBL267038,NC1=NC(C(F)(F)F)CCC1
CHEMBL268914,CC1(C)N=C(N)N=C(N)N1c1cccc(C#N)c1
CHEMBL6860,CCCCOc1noc2c1CNCC2.Cl
CHEMBL6680,CCOc1noc2c1CNCC2.Cl
CHEMBL18,CCOc1ccc2nc(S(N)(=O)=O)sc2c1
CHEMBL6655,CN1Cc2c(C(=O)OC(C)(C)C)ncn2-c2ccc(Br)cc2C1=O
CHEMBL6826,CN1Cc2c(C(=O)OCCC(C)(C)C)ncn2-c2ccc(Cl)cc2C1=O
CHEMBL6827,CNc1ncnc2c1ncn2Cc1cccc(O)c1
CHEMBL427797,COc1ccc(CC(=O)O)c(-c2ccc(Cl)cc2)c1
CHEMBL6988,COc1cc(-c2ccc(Cl)cc2)ccc1CC(=O)O
CHEMBL6672,COc1ccc(-c2ccc(Cl)cc2)cc1CC(=O)O
CHEMBL267498,COc1c2occc2c(CN(C)C)c2ccc(=O)oc12.Cl
CHEMBL6724,Nc1ccc(S(N)(=O)=O)cc1Br
CHEMBL6853,Nc1ccc(S(N)(=O)=O)cc1F
CHEMBL266242,[O-][n+]1cc(N2CCNCC2)nc2ccccc21
CHEMBL266301,CC(CN1CCCCC1)OC(=O)C1CCCCN1C(=O)C(=O)C(C)(C)C
CHEMBL6864,COc1c(CC(=O)O)cccc1-c1ccc(Cl)cc1
CHEMBL6693,Nc1nc(N)c2c(S(=O)(=O)c3ccc4ccccc4c3)cccc2n1
CHEMBL266318,COc1c2occc2c(C[N+](C)(C)C)c2ccc(=O)oc12.[Cl-]
CHEMBL267220,CC(CCc1ccccc1)NCC(O)COc1ccc(CCOCC2CCC2)cc1
CHEMBL266302,Fc1ccccc1Cn1cnc2c(NCC3CC3)ncnc21
CHEMBL6683,CC(CN1CCCCC1)OC(=O)[C@@H]1CCCN1C(=O)C(=O)c1ccccc1
CHEMBL19,CC(=O)/N=c1/sc(S(N)(=O)=O)nn1C
CHEMBL20,CC(=O)Nc1nnc(S(N)(=O)=O)s1
CHEMBL6933,Nc1ncnc2ccc(Sc3ccc4ccccc4c3)cc12
CHEMBL266025,CC1(C)N=C(N)N=C(N)N1c1cccc(OCCOc2ccccc2)c1
CHEMBL418,Nc1cc(C(F)(F)F)c(S(N)(=O)=O)cc1S(N)(=O)=O
CHEMBL267639,CC(C)(C)Nc1ncnc2c1ncn2Cc1ccccc1F
CHEMBL7059,CC(C)Nc1ncnc2c1ncn2Cc1ccccc1F
CHEMBL7005,CC1(C)N=C(N)N=C(N)N1c1ccc(F)cc1
CHEMBL6793,CN1Cc2c(C(=O)OCC(C)(C)C)ncn2-c2ccc(Cl)cc2C1=O
CHEMBL7069,CCC(CC)OC(=O)c1ncn2c1CN(C)C(=O)c1cc(Cl)ccc1-2
CHEMBL6962,CCCCc1ccc(N2C(N)=NC(N)=NC2(C)C)cc1
CHEMBL268652,CNc1ncnc2c1ncn2Cc1ccccc1C(F)(F)F
CHEMBL6889,CN(C)c1ncnc2c1ncn2Cc1ccccc1
CHEMBL7133,NC1=NC(C2CCCCC2)CCC1
CHEMBL268312,NC1=NCCC(C(F)(F)F)C1
CHEMBL7288,COc1cc(CC(=O)O)ccc1-c1ccc(Cl)cc1
CHEMBL6854,CNc1ncnc2c1ncn2Cc1cccc(F)c1F
CHEMBL267499,CC1(C)N=C(N)N=C(N)N1c1cccc(F)c1
CHEMBL268310,Nc1nc(N)c2cc(NC(=O)Cc3ccc(Cl)cc3)ccc2n1
CHEMBL419,NCc1ccc(S(N)(=O)=O)cc1
CHEMBL266087,CC1=C(C(=O)OC(C)(C)C)N2C(=O)[C@H](Cl)[C@H]2S(=O)(=O)C1
CHEMBL7092,Nc1ccc(S(N)(=O)=O)cc1Cl
CHEMBL269381,CN(C)c1ncnc2c1ncn2Cc1c(F)cccc1Cl
CHEMBL6887,Fc1ccccc1Cn1cnc2c(N3CCC3)ncnc21
CHEMBL268614,CN(c1ncnc2c1ncn2Cc1ccccc1F)C1CC1
CHEMBL269357,Cc1c(NC(=O)CSc2ccc3ccccc3c2)ccc2nc(N)nc(N)c12
CHEMBL7204,NNc1ccc(S(N)(=O)=O)cc1
CHEMBL21,Nc1ccc(S(N)(=O)=O)cc1
CHEMBL6902,CC(C)NCC(O)COc1ccc(C[S+]([O-])CC2CC2)cc1
CHEMBL7091,CC1CCc2nc(N)nc(N)c2C1
CHEMBL6804,CC(=O)Nc1nc(O)c2ccccc2n1
CHEMBL6771,CC1(C)N=C(N)N=C(N)N1c1cccc(OCCCCOc2ccccc2)c1
CHEMBL268440,CN(C)CCn1c(=O)c(N2CCNCC2)nc2ccccc21
CHEMBL6845,C/C(=C\Cn1oc(=O)[nH]c1=O)c1cccc(OCc2ccccn2)c1
CHEMBL267740,CCCCc1oc2ccccc2c1Cc1cccc(/C(C)=C/Cn2oc(=O)[nH]c2=O)c1
CHEMBL6815,Nc1nc(O)c2cc(Sc3ccc(Cl)c(Cl)c3)ccc2n1
CHEMBL427605,Nc1nc(N)c2c(Sc3ccc(Cl)c(Cl)c3)cccc2n1
CHEMBL6772,Nc1nc(N)c2c(Cl)c(Cl)ccc2n1
CHEMBL414183,CN1CCN(c2nc3ccccc3nc2O)CC1
CHEMBL266303,Cn1c(=O)c(N2CCNCC2)nc2ccccc21
CHEMBL6891,CC(CN1CCCCC1)OC(=O)C1CCCCN1C(=O)C(=O)c1ccccc1
CHEMBL7136,CC(=O)Nc1nc(O)c2cc(S(=O)(=O)c3ccc4ccccc4c3)ccc2n1
CHEMBL267617,Nc1nc(N)c2cc(CNC(=O)Cc3ccc(Cl)c(Cl)c3)ccc2n1
CHEMBL7153,Nc1nc(S)nc2ccccc12
CHEMBL414184,Cc1oc(-c2ccc(C(F)(F)F)cc2)nc1COc1cccc(/C=C/Cn2oc(=O)[nH]c2=O)c1
CHEMBL6948,CC1(C)N=C(N)N=C(N)N1c1cccc(C(F)(F)F)c1
CHEMBL266761,Nc1nc(N)c2c(Cl)c(NC(=O)Cc3ccc(Cl)c(Cl)c3)ccc2n1
CHEMBL6949,Cc1c(NC(=O)Cc2ccc(Cl)cc2)ccc2nc(N)nc(N)c12
CHEMBL266129,CC(C)(C)C(=O)C(=O)N1CCCCC1C(=O)OCCS(=O)(=O)c1ccccc1
CHEMBL428658,Nc1nc(N)c2cc(S(=O)(=O)c3ccc(Cl)c(Cl)c3)ccc2n1
CHEMBL6741,CC1(C)N=C(N)N=C(N)N1c1ccc(Br)cc1
CHEMBL6742,CC1(C)N=C(N)N=C(N)N1c1ccccc1
CHEMBL420,N=C(N)N/N=C/c1c(Cl)cccc1Cl
CHEMBL6871,C[C@@H](N)Cc1c2ccoc2cc2ccoc12.Cl
CHEMBL268542,C[C@H](N)Cc1c2c(c(C(F)(F)F)c3c1OCC3)OCC2.Cl
CHEMBL268072,C[C@@H](N)Cc1c2c(cc3c1OCC3)OCC2.Cl
CHEMBL7137,COc1cc2cc3c(O)ncnc3nc2cc1OC
CHEMBL414400,O=C(NC(CO)C(O)c1ccc([N+](=O)[O-])cc1)C(Cl)Cl
CHEMBL7253,COc1ccc(-c2ccc(Cl)cc2)c(CC(=O)O)c1
CHEMBL6937,COc1cc(CC(=O)O)cc(-c2ccc(Cl)cc2)c1
CHEMBL6765,C/C(=C\Cn1oc(=O)[nH]c1=O)c1cccc(OCc2nc(-c3ccccc3)oc2C)c1
CHEMBL22,COc1cc(Cc2cnc(N)nc2N)cc(OC)c1OC
CHEMBL6966,COc1ccc(CCN(C)CCCC(C#N)(c2ccc(OC)c(OC)c2)C(C)C)cc1OC
CHEMBL6967,Nc1nc(O)c2cc(S(=O)(=O)c3ccc4ccccc4c3)ccc2n1
CHEMBL7079,Clc1ccc2ncc(N3CCNCC3)nc2c1
CHEMBL267372,COc1c2occc2c(CN(C(C)C)C(C)C)c2ccc(=O)oc12.Cl
CHEMBL421,O=C(O)c1cc(/N=N/c2ccc(S(=O)(=O)Nc3ccccn3)cc2)ccc1O
CHEMBL7102,Nc1nc(N)c2c(Cl)c(NC(=O)Cc3cccc(C(F)(F)F)c3)ccc2n1
CHEMBL6755,CC(=O)c1cccc(N2C(N)=NC(N)=NC2(C)C)c1
CHEMBL6812,Cc1c(NC(=O)Cc2ccc(Cl)c(Cl)c2)ccc2nc(N)nc(N)c12
CHEMBL268414,CC1(C)N=C(N)N=C(N)N1c1cccc(I)c1
CHEMBL266903,COc1c2occc2c(CN(C)CCO)c2ccc(=O)oc12.Cl
CHEMBL269235,Cc1c(NC(=O)Cc2cccc(Br)c2)ccc2nc(N)nc(N)c12
CHEMBL6552,Nc1nc(N)c2c(S(=O)(=O)c3ccc(Cl)c(Cl)c3)cccc2n1
CHEMBL6613,CCOC(=O)c1ccc(N2C(N)=NC(N)=NC2(C)C)cc1
CHEMBL268456,Cc1ccc2nc(N)nc(N)c2c1
CHEMBL428478,CC1(C)N=C(N)N=C(N)N1c1ccc(S(N)(=O)=O)cc1
CHEMBL7000,Nc1nc(O)c2cc(S(=O)(=O)c3ccc(Cl)c(Cl)c3)ccc2n1
CHEMBL268088,CC1(C)N=C(N)N=C(N)N1c1cccc(Br)c1
CHEMBL7435,CCCCOc1cccc(N2C(N)=NC(N)=NC2(C)C)c1
CHEMBL268089,Nc1nc(N)c2cc(Sc3cccc(C(F)(F)F)c3)ccc2n1
CHEMBL268587,C[C@H](N)Cc1c2c(cc3c1OCC3)OCC2.Cl
CHEMBL7482,COc1noc2c1CN(Cc1ccccc1)CC2.Cl
CHEMBL269317,Nc1nc(N)c2c(n1)CCCC2
CHEMBL7416,Cc1cccc2nc(N)nc(O)c12
CHEMBL7101,Nc1nc(O)c2c(Cl)cccc2n1
CHEMBL7315,Cc1c(NC(=O)Cc2ccc(Br)cc2)ccc2nc(N)nc(N)c12
CHEMBL7316,Sc1nc(S)c2cc(Sc3ccc4ccccc4c3)ccc2n1
CHEMBL7275,Nc1nc(N)c2cc(C=O)ccc2n1
CHEMBL6915,CCC(NC(=O)C(CS)C(C)c1ccccc1)C(=O)O
CHEMBL428302,CNc1ncnc2c1ncn2Cc1ccccc1C
CHEMBL6956,CNc1ncnc2c1ncn2Cc1ccccc1Cl
CHEMBL268616,Fc1ccccc1Cn1cnc2c(NC3CC3)ncnc21
CHEMBL414204,CCCC/C(=C\Cn1oc(=O)[nH]c1=O)c1cccc(OCc2cc(Cl)cc(Cl)c2)c1
CHEMBL7191,CC1(C)N=C(N)N=C(N)N1c1ccc(OCc2ccccc2)cc1
CHEMBL7106,Nc1nc(N)c2c(Cl)c(NC(=O)COc3ccc(Cl)c(Cl)c3)ccc2n1
CHEMBL6773,Nc1ncnc2c1ncn2Cc1ccccc1F
CHEMBL6774,Br.CCN(CC)CCCOc1c2occc2cc2ccc(=O)oc12
CHEMBL267143,CCCC/C(=C\Cn1oc(=O)n(CC(=O)O)c1=O)c1cccc(Oc2cc(Cl)cc(Cl)c2)c1
CHEMBL6979,Nc1nc(N)c2cc([S+]([O-])c3ccc4ccccc4c3)ccc2n1
CHEMBL267218,Nc1nc(N)c2cc(C(=O)NC(CCC(=O)O)C(=O)O)ccc2n1
CHEMBL6877,Nc1nc(N)c2cc(Sc3ccc(Cl)c(Cl)c3)ccc2n1
CHEMBL6929,Nc1nc(S)c2cc(S(=O)(=O)c3ccc4ccccc4c3)ccc2n1
CHEMBL7246,N#Cc1ccc2nc(N)nc(N)c2c1
CHEMBL268354,Nc1nc(N)c2ccccc2n1
CHEMBL266941,CC(C)(C)C(=O)C(=O)N1CCC[C@H]1C(=O)OCCS(=O)(=O)c1ccccc1
CHEMBL6549,Nc1nc(N)c2cc(Br)ccc2n1
CHEMBL266874,Cc1oc(-c2ccc(C(F)(F)F)cc2)nc1COc1cccc(/C=C/C(C)n2oc(=O)[nH]c2=O)c1
CHEMBL7222,Cc1ccc2nc(N)nc(O)c2c1
CHEMBL7357,CC1(C)N=C(N)N=C(N)N1c1cccc(OCc2ccccc2)c1
CHEMBL7358,Nc1nc(N)c2cc(CNC(=O)c3cccc(C(F)(F)F)c3)ccc2n1
CHEMBL7359,CNc1ncnc2c1ncn2Cc1ccccc1F
CHEMBL23,COc1ccc([C@@H]2Sc3ccccc3N(CCN(C)C)C(=O)[C@@H]2OC(C)=O)cc1
CHEMBL24,CC(C)NCC(O)COc1ccc(CC(N)=O)cc1
CHEMBL25,CC(=O)Oc1ccccc1C(=O)O
CHEMBL7035,CC1(C)N=C(N)N=C(N)N1c1ccc(OCc2ccc(Cl)c(Cl)c2)cc1
CHEMBL6941,Nc1nc(S)c2ccccc2n1
CHEMBL7272,CCOC(=O)CCC(NC(=O)c1ccc2nc(N)nc(N)c2c1)C(=O)OCC
CHEMBL7071,CNc1ncnc2c1ncn2Cc1ccc(F)cc1
CHEMBL7072,CNc1ncnc2c1ncn2Cc1ccc([N+](=O)[O-])cc1
CHEMBL6917,CN(C)c1ncnc2c1ncn2Cc1ccccc1F
CHEMBL6989,Cc1c(C(=O)NC(CCC(=O)O)C(=O)O)ccc2nc(N)nc(O)c12
CHEMBL414203,CCOC(=O)CCC(NC(=O)c1ccc2nc(N)nc(O)c2c1)C(=O)OCC
CHEMBL265673,Cc1c(NC(=O)CCc2ccc(Cl)cc2)ccc2nc(N)nc(N)c12
CHEMBL6796,Oc1ncnc2c1Cc1ccccc1N2
CHEMBL6976,COc1cc2c(cc1OC)Nc1ncn(C)c(=O)c1C2
CHEMBL266472,C/C(=C\C=C\Cn1oc(=O)[nH]c1=O)c1cccc(OCc2nc(-c3ccccc3)oc2C)c1
CHEMBL7046,C/C(=C\Cc1nnn[nH]1)c1cccc(OCc2nc(-c3ccc(OC(F)(F)F)cc3)oc2C)c1
CHEMBL6832,Fc1ccccc1Cn1cnc2c(N3CCCC3)ncnc21
CHEMBL267269,Cc1cccc2nc(N3CCNCC3)cnc12
CHEMBL6833,CC(C)CC(=O)C(=O)N1CCC[C@H]1C(=O)OC(C)CN1CCCCC1
CHEMBL6905,Nc1nc(O)nc2ccc(Sc3ccc4ccccc4c3)cc12
CHEMBL6906,Nc1nc(N)c2c(Cl)c(NC(=O)CCc3ccc(Cl)cc3)ccc2n1
CHEMBL7083,C/C(=C\Cn1oc(=O)[nH]c1=O)c1cccc(OCc2noc(-c3ccccc3)n2)c1
CHEMBL6914,C/C(=C\c1cccc(OCc2nc(-c3ccc(C(F)(F)F)cc3)oc2C)c1)Cn1oc(=O)[nH]c1=O
CHEMBL266638,Nc1nc(N)c2c(Cl)c(Br)ccc2n1
CHEMBL6975,Nc1nc(N)c2c(CSc3ccc4ccccc4c3)cccc2n1
CHEMBL414016,CC(C)CC(=O)C(=O)N1CCCCC1C(=O)OC(C)CN1CCCCC1
CHEMBL7209,CC(C)NCC(O)COc1ccc(CCCOCC2CCC2)cc1.O=C(O)C(=O)O
CHEMBL415478,Cc1oc(-c2ccc(C(F)(F)F)cc2)nc1COc1cccc(CCCn2oc(=O)[nH]c2=O)c1
CHEMBL267971,Nc1nc(O)c2ccc(C(F)(F)F)cc2n1
CHEMBL6993,Nc1nc2ccccc2c(=O)[nH]1
CHEMBL7050,Nc1nc(N)c2cc(Sc3ccc4ccccc4c3)ccc2n1
CHEMBL6666,CN(C)C(=O)c1cccc(COc2ccc(N3C(N)=NC(N)=NC3(C)C)cc2Cl)c1
CHEMBL415291,C/C(=C\Cn1oc(=O)[nH]c1=O)c1cccc(OCCc2nc(-c3ccccc3)oc2C)c1
CHEMBL266734,CC1(C)N=C(N)N=C(N)N1c1cccc(S(N)(=O)=O)c1
CHEMBL7011,Nc1nc(O)c2cc(C(=O)NC(CCC(=O)O)C(=O)O)ccc2n1
CHEMBL414017,Nc1nc(N)c2cc(NCc3ccc(Cl)c(Cl)c3)ccc2n1
CHEMBL7077,Cc1cccc2nc(N)nc(N)c12
CHEMBL6759,Oc1nc(S)nc2ccc(Sc3ccc4ccccc4c3)cc12
CHEMBL6900,C=C(C)c1cc2c3c(ccc2o1)[C@@H]1COc2cc(O)ccc2[C@@H]1O3
CHEMBL422,CN1CCN(CCCN2c3ccccc3Sc3ccc(C(F)(F)F)cc32)CC1
CHEMBL6940,Nc1nc(N)c2cc(NC(=O)Cc3ccc(Cl)c(Cl)c3)ccc2n1
CHEMBL6942,Cc1c(NC(=O)C(Sc2ccc3ccccc3c2)C(C)C)ccc2nc(N)nc(N)c12
CHEMBL269511,Nc1nc(O)c2c(S(=O)(=O)c3ccc4ccccc4c3)cccc2n1
CHEMBL7051,CC/C(=C\c1cccc(OCc2nc(-c3ccc(C(F)(F)F)cc3)oc2C)c1)n1oc(=O)[nH]c1=O
CHEMBL26,CCN1CCCC1CNC(=O)c1cc(S(N)(=O)=O)ccc1OC
CHEMBL268313,CC12CCC(=O)C=C1CCC1C2CCC2(C)C(O)CCC12
CHEMBL7118,N#Cc1cccnc1N1CCN(C(=O)c2cc3ccccc3[nH]2)CC1
CHEMBL7049,Cc1c(NC(=O)Cc2ccc3ccccc3c2)ccc2nc(N)nc(N)c12
CHEMBL7176,Nc1nc(N)c2c(Cl)c(NC(=O)Cc3ccc4ccccc4c3)ccc2n1
CHEMBL7084,C/C(=C\Cn1oc(=O)[nH]c1=O)c1cccc(COc2cc(C(F)(F)F)cc(C(F)(F)F)c2)c1
CHEMBL6990,Nc1cccnc1N1CCN(C(=O)c2cc3ccccc3[nH]2)CC1
CHEMBL267471,CC[C@H]1Nc2cc3nc(O)cc(C(F)(F)F)c3cc2CC1(CC)CC
CHEMBL7421,CC[C@@H]1Cc2cc3c(C(F)(F)F)cc(O)nc3cc2N[C@@H]1CC
CHEMBL7422,Cc1c(C(=O)NC(CCC(=O)O)C(=O)O)ccc2nc(N)nc(N)c12
CHEMBL7481,Nc1nc(N)c2c(Cl)c(NC(=O)Cc3cccc(Br)c3)ccc2n1
CHEMBL6885,Nc1ccc2nc(N)nc(N)c2c1
CHEMBL6928,Nc1nc(N)c2c(Cl)c(NC(=O)Cc3ccc(Cl)cc3)ccc2n1
CHEMBL423,CC(C)NCC(O)COc1ccc(CCOCC2CC2)cc1
CHEMBL269589,Nc1ncnc2ccc([S+]([O-])c3ccc4ccccc4c3)cc12
CHEMBL7497,CCCC/C(=C\Cn1oc(=O)[nH]c1=O)c1cccc(Oc2cc(Cl)cc(Cl)c2)c1
CHEMBL7498,CCCC/C(=C\Cn1oc(=O)[nH]c1=O)c1cccc(Oc2ccc(C)cc2)c1
CHEMBL7189,Nc1nc(N)c2c(Cl)c(NC(=O)COc3ccc4ccccc4c3)ccc2n1
CHEMBL7490,Cc1c(NC(=O)COc2ccc3ccccc3c2)ccc2nc(N)nc(N)c12
CHEMBL428491,CCOC(=O)CCC(NC(=O)c1ccc2nc(N)nc(O)c2c1C)C(=O)OCC
CHEMBL7043,CC(C)NCC(O)COc1ccc(CCSCC2CCC2)cc1
CHEMBL7085,CC(=O)NCc1cccc(CN)c1
CHEMBL267742,CC(=O)c1cc2c3c(ccc2o1)[C@@H]1COc2cc(O)ccc2[C@@H]1O3
CHEMBL6686,Nc1nc(S)c2cc(Sc3ccc4ccccc4c3)ccc2n1
CHEMBL6687,Nc1nc(N)c2cc(NC(=O)CCc3ccc(Cl)cc3)ccc2n1
CHEMBL425,O=C(O)c1cc(/N=N/c2ccc(O)c(C(=O)O)c2)ccc1O
CHEMBL27,CC(C)NCC(O)COc1cccc2ccccc12
CHEMBL7163,CCNc1cccnc1N1CCN(C(=O)c2cc3ccccc3o2)CC1
CHEMBL7164,O=C(c1cc2ccccc2[nH]1)N1CCN(c2ncccc2[N+](=O)[O-])CC1
CHEMBL6925,Cc1oc(-c2ccc(C(F)(F)F)cc2)nc1COc1ccc2oc(Cn3oc(=O)[nH]c3=O)cc2c1
CHEMBL7403,Nc1nc(N)c2cc(NC(=O)Cc3ccc4ccccc4c3)ccc2n1
CHEMBL7350,CCc1nc(O)c2c(n1)Nc1ccccc1C2
CHEMBL7404,CCN1c2ccccc2Cc2c(O)ncnc21
CHEMBL267973,CCNc1cccnc1N1CCN(C(=O)c2cc3ccccc3oc2=O)CC1
CHEMBL6995,CC(=O)Nc1ccc(OCC(O)CNC(C)C)cc1
CHEMBL268785,C/C(=C\CN1CC(=O)NC1=O)c1cccc(OCc2nc(-c3ccc(C(F)(F)F)cc3)oc2C)c1
CHEMBL447236,C/C(=C/C=C/Cn1oc(=O)[nH]c1=O)c1cccc(OCc2nc(-c3ccccc3)oc2C)c1
CHEMBL427957,CC[C@H]1C[C@@H](C)Nc2cc3nc(O)cc(C(F)(F)F)c3cc21
CHEMBL7250,CC(C)NCC(O)COc1ccc(CCOC2CCCCC2)cc1
CHEMBL7343,C/C(=C\Cn1oc(=O)[nH]c1=O)c1ccccc1OCc1nc(-c2ccc(C(F)(F)F)cc2)oc1C
CHEMBL268879,CC(C(=O)Nc1ccc2nc(N)nc(N)c2c1Cl)c1ccccc1
CHEMBL7090,CCOC(=O)CCC(NC(=O)c1ccc2nc(N)nc(N)c2c1C)C(=O)OCC
CHEMBL6479,CCNc1cccnc1N1CCN(C(=O)c2ccco2)CC1
CHEMBL267219,Cc1c(NC(=O)Cc2cccc(C(F)(F)F)c2)ccc2nc(N)nc(N)c12
CHEMBL6653,Nc1nc(N)c2cc(NC(=O)Cc3cccc(C(F)(F)F)c3)ccc2n1
CHEMBL6665,O=c1c(-c2ccc(O)cc2O)coc2cc(O)cc(O)c12
CHEMBL6950,NCc1ccc2nc(N)nc(N)c2c1
CHEMBL266545,CCNc1cccnc1N1CCN(C(=O)c2cccs2)CC1
CHEMBL269382,CCNc1cccnc1N1CCN(C(=O)c2ccc[nH]2)CC1
CHEMBL268786,Nc1nc(S)nc2ccc(Sc3ccc4ccccc4c3)cc12
CHEMBL7104,Nc1ncnc2ccc(S(=O)(=O)c3ccc4ccccc4c3)cc12
CHEMBL267002,Nc1nc(N)c2cc(Cl)ccc2n1
CHEMBL7052,Oc1cc(Nc2ccccc2)ncn1
CHEMBL267004,Oc1[nH]cnc2nc3ccccc3c1-2
CHEMBL269254,CCCCc1oc2ccccc2c1COc1cccc(/C(C)=C/Cn2oc(=O)[nH]c2=O)c1
CHEMBL426,CN(Cc1cnc2nc(N)nc(N)c2n1)c1ccc(C(=O)NC(CCC(=O)O)C(=O)O)cc1
CHEMBL267180,COc1cc2c(cc1OC)Nc1ncn(CCN3CCOCC3)c(=O)c1C2
CHEMBL266404,COc1ccc2c(c1)Nc1ncnc(O)c1C2
CHEMBL6881,COc1ccc2c(c1)Cc1c(O)ncnc1N2
CHEMBL7190,C/C(=C\CC1SC(=O)NC1=O)c1cccc(OCc2nc(-c3ccccc3)oc2C)c1
CHEMBL7130,CC1(C)N=C(N)N=C(N)N1c1cccc(Cl)c1
CHEMBL267692,CC(C)(C)c1cccc(N2C(N)=NC(N)=NC2(C)C)c1
CHEMBL7105,CC1CCc2nc(N)nc(O)c2C1
CHEMBL266873,C/C(=C\CC1OC(=O)NC1=O)c1cccc(OCCc2nc(-c3ccccc3)oc2C)c1
CHEMBL6897,Nc1nc(O)c2c(Sc3ccc4ccccc4c3)cccc2n1
CHEMBL267375,CC(C)NCC(O)COc1ccc(CCOC2CCCC2)cc1
CHEMBL6836,COC(=O)c1ccc(N2C(N)=NC(N)=NC2(C)C)cc1
CHEMBL404320,Nc1nc(O)nc2ccccc12
CHEMBL6419,Nc1nc(O)c2c(n1)CCCC2
CHEMBL6748,C/C(=C\Cn1oc(=O)[nH]c1=O)c1cccc(OCc2coc(-c3ccc(C(F)(F)F)cc3)n2)c1
CHEMBL6823,Nc1nc(N)c2c(/C=C/c3ccc4ccccc4c3)cccc2n1
CHEMBL267666,O=c1[nH]c(=S)c2cc(Sc3ccc4ccccc4c3)ccc2[nH]1
CHEMBL7341,CC1(C)N=C(N)N=C(N)N1c1ccc(I)cc1
CHEMBL7427,Nc1nc(N)c2cc(CNC(=O)c3ccc(Cl)c(Cl)c3)ccc2n1
CHEMBL7347,Nc1nc(N)c2cc(CNC(=O)c3ccc4ccccc4c3)ccc2n1
CHEMBL7348,COc1cc(O)ccc1-c1coc2cc(O)cc(O)c2c1=O
CHEMBL269318,CC(C)Nc1nc2ccccc2n2cnnc12
CHEMBL7231,CCC[C@H]1Cc2cc3c(C(F)(F)F)cc(O)nc3cc2N[C@@H]1CC
CHEMBL7251,C/C(=C\Cn1oc(=O)[nH]c1=O)c1cccc(OCc2cc(C(F)(F)F)cc(C(F)(F)F)c2)c1
CHEMBL7360,C/C(=C\Cn1oc(=O)[nH]c1=O)c1cccc(OCc2ccc3c(Cl)cccc3c2)c1
CHEMBL414014,C/C(=C\Cn1oc(=O)[nH]c1=O)c1cccc(OCC#Cc2cc(C(F)(F)F)cc(C(F)(F)F)c2)c1
CHEMBL269044,c1ccc2c(c1)nc(NC1CCCC1)c1nncn12
CHEMBL6841,Nc1nc(N)c2c(Cl)c(NC(=O)Cc3ccc(Br)cc3)ccc2n1
CHEMBL267400,Cc1nnc2c(NC3CCCC3)nc3ccccc3n12
CHEMBL267878,COc1cc2c3c(c1)-c1c(ccc(OC)c1OC)CC3N(CCN(CCCl)CCCl)CC2
CHEMBL7033,CCN(CC)c1nc2ccccc2n2cnnc12
CHEMBL6819,Cc1oc(-c2ccc(C(F)(F)F)cc2)nc1COc1cccc(C2CC2Cn2oc(=O)[nH]c2=O)c1
CHEMBL7058,C[C@@H]1Cc2cc3c(C(F)(F)F)cc(O)nc3cc2N[C@@H]1C
CHEMBL6890,CCc1nnc2c(NC3CC3)nc3ccccc3n12
CHEMBL6872,CCOC(=O)c1cc2ccccn2/c(=N/c2ccc(OC)cc2)n1
CHEMBL7054,C[C@](O)(CO)c1cc2c3c(ccc2o1)[C@@H]1COc2cc(O)ccc2[C@@H]1O3
CHEMBL266321,CCNc1cccnc1N1CCN(C(=O)c2nc3ccccc3o2)CC1
CHEMBL7061,C=C1[C@@H](CC(N)=O)[C@H]1CCCCCCCC
CHEMBL268071,FC(F)(F)c1nnc2c(NC3CCCC3)nc3ccccc3n12
CHEMBL266978,CCCc1nnc2c(NC3CCCC3)nc3ccccc3n12
CHEMBL6743,CCOC(=O)c1cc2ccccn2/c(=N/c2ccc(F)cc2)n1
CHEMBL7044,CCOC(=O)c1cc2ccccn2/c(=N/c2ccc(Br)cc2)n1
CHEMBL266269,CC[C@@H]1Cc2cc3c(C(F)(F)F)cc(O)nc3cc2N[C@@H]1C
CHEMBL7053,CC[C@H]1Cc2cc3c(C(F)(F)F)cc(O)nc3cc2N[C@@H]1C
CHEMBL6869,C=C1[C@@H](CC(N)=O)[C@H]1CCCCCCCCCCCC
CHEMBL268377,COc1ccc(S(=O)(=O)N2CN(C(C)C)C(=O)C[C@@H]2C(=O)NO)cc1
CHEMBL7108,COc1ccc(S(=O)(=O)N2CN(C(C)(C)C)C(=O)C[C@@H]2C(=O)NO)cc1
CHEMBL7134,Nc1nc(N)c2c(CCc3ccc4ccccc4c3)cccc2n1
CHEMBL266875,Nc1nc(N)c2c(CSc3ccc(Cl)cc3)cccc2n1
CHEMBL267005,CCCC/C(=C\Cn1oc(=O)[nH]c1=O)c1cccc(Oc2ccccc2)c1
CHEMBL267241,Cc1oc(-c2ccc(C(F)(F)F)cc2)nc1COc1ccc2c(c1)C=C/C2=C\Cn1oc(=O)[nH]c1=O
CHEMBL267850,CC(C)[C@@H]1CCc2cc3c(C(F)(F)F)cc(O)nc3cc2N1
CHEMBL7193,Nc1nc(O)c2ncn(COCCOP(=O)(O)OP(=O)(O)O)c2n1
CHEMBL7194,O=c1[nH]c(=O)c2ncn(CCCCCP(=O)(O)CP(=O)(O)O)c2[nH]1
CHEMBL266574,Cc1oc(-c2ccc(C(F)(F)F)cc2)nc1COc1cccc(C#CC(C)n2oc(=O)[nH]c2=O)c1
CHEMBL7349,Cc1oc(-c2ccccc2)nc1COc1cccc(C#CC(C)n2oc(=O)[nH]c2=O)c1
CHEMBL268326,C[C@@H]1C[C@H](C)c2cc3c(C(F)(F)F)cc(O)nc3cc2N1
CHEMBL7243,[S-]c1nc2ccccc2c2cccc[n+]12
CHEMBL269255,CCOC(=O)c1cc2ccccn2c(=S)n1
CHEMBL267907,C[C@H]1Nc2cc3nc(O)cc(C(F)(F)F)c3cc2CC1(C)C
CHEMBL7089,CC[C@H]1Nc2cc3nc(O)cc(C(F)(F)F)c3cc2C[C@H]1C
CHEMBL6492,O=c1cc(-c2ccc(O)cc2O)oc2cc(O)ccc12
CHEMBL269331,CNc1cccnc1N1CCN(C(=O)c2cc3ccccc3[nH]2)CC1
CHEMBL268541,CCNc1cccnc1N1CCN(C(=O)c2nc3ccccc3s2)CC1
CHEMBL6770,CCNc1cccnc1N1CCN(C(=O)c2cc3ccccc3s2)CC1
CHEMBL6781,CCOC(=O)c1cc2ccccn2c(=O)n1
CHEMBL266904,Fc1ccc2c(c1)-c1nc(-c3ccccn3)[nH]c1CCC2
CHEMBL266241,Clc1ccc2c(c1)-c1nc(-c3ccccc3)[nH]c1CCC2
CHEMBL7065,CC(C)NCC(O)COc1ccc(C[S+]([O-])CC2CCCC2)cc1
CHEMBL6689,CC[C@H]1Nc2cc3nc(O)cc(C(F)(F)F)c3cc2CC1(C)C
CHEMBL267939,COc1ccc(S(=O)(=O)N2CCN(C(=O)OCc3ccccc3)CC[C@@H]2C(=O)NO)cc1
CHEMBL6572,COc1ccc(S(=O)(=O)N2C[C@@H]3CCCN3C(=O)C[C@@H]2C(=O)NO)cc1
CHEMBL7187,CCCc1cc(=O)oc2c3c(c4c(c12)OC(C)(C)C=C4)O[C@@H](C)[C@H](C)[C@@H]3O
CHEMBL267928,Nc1nc(N)c2c(/C=C\c3ccc4ccccc4c3)cccc2n1
CHEMBL266320,Nc1nc(N)c2c(Cl)cccc2n1
CHEMBL6708,Nc1nc(N)c2c(Cl)c(N)ccc2n1
CHEMBL266266,O=c1[nH]c(=O)c2cc(Sc3ccc4ccccc4c3)ccc2[nH]1
CHEMBL7119,COc1ccc(-c2ccc(N3CC(CNC(C)=O)OC3=O)cc2Cl)ccc1=O
CHEMBL7121,CCCc1cc(=O)oc2c3c(c4c(c12)OC(C)(C)C=C4)O[C@H](C)[C@@H](C)[C@H]3O
CHEMBL7002,CC1(COc2ccc(CC3SC(=O)NC3=O)cc2)CCCCC1
CHEMBL268569,CCC[C@@H]1CCc2cc3c(C(F)(F)F)cc(O)nc3cc2N1
CHEMBL6646,COc1ccc2c(c1)-c1nc(-c3ccccn3)[nH]c1CCC2
CHEMBL6727,CCN(CC)c1cccnc1N1CCN(C(=O)c2cc3ccccc3[nH]2)CC1
CHEMBL6692,CCNc1cccnc1N1CCN(C(=O)c2nc3ccccc3[nH]2)CC1
CHEMBL269101,O=C(Cc1ccccc1)OC[C@H]1C[C@@H]2O[C@H]1[C@H]1C(=O)OC(=O)[C@H]12
CHEMBL7017,c1ccc2c(c1)CCCc1nc(-c3ccncc3)[nH]c1-2
CHEMBL414205,c1cncc(-c2nc3c([nH]2)-c2ccccc2CCC3)c1
CHEMBL268810,c1ccc(-c2nc3c([nH]2)-c2ccccc2CCC3)nc1
CHEMBL268654,Cc1ccc2c(c1)-c1nc(-c3ccccn3)[nH]c1CCC2
CHEMBL6893,Cc1[nH]c(-c2ccccc2)nc1-c1cccnc1
CHEMBL6904,CCN(C(C)=O)c1cccnc1N1CCN(C(=O)c2cc3ccccc3[nH]2)CC1
CHEMBL414013,COc1cc2c(cc1OC)Nc1ncnc(O)c1C2
CHEMBL415482,COc1ccc(S(=O)(=O)N2CCN(Cc3ccccc3)C(=O)C[C@@H]2C(=O)NO)cc1
CHEMBL267178,COc1ccc(S(=O)(=O)N(Cc2cccnc2)[C@@H](C(=O)NO)C(C)C)cc1
CHEMBL268207,CCCc1cc(=O)oc2c3c(c4c(c12)OC(C)(C)C=C4)O[C@@H](C)[C@H](C)[C@H]3O
CHEMBL269120,C/C(=C\CC1OC(=O)NC1=O)c1cccc(OCc2nc(-c3ccccc3)oc2C)c1
CHEMBL7256,COc1c(C)cc(C(=O)N2CCN(c3ncccc3NC(C)C)CC2)cc1C
CHEMBL414018,C=C1[C@@H](CCCCCCCCCCCC)[C@@H]1CC(=O)[O-].[Na+]
CHEMBL6939,CC(C)NCC(O)COc1ccc(COCC2CC2)cc1
CHEMBL267447,CCCc1cc(=O)oc2c3c(c4c(c12)OC(C)(C)C=C4)O[C@H](C)[C@@H](C)[C@@H]3O
CHEMBL267141,C[C@@H]1CCc2cc3c(C(F)(F)F)cc(O)nc3cc2N1
CHEMBL28,O=c1cc(-c2ccc(O)cc2)oc2cc(O)cc(O)c12
CHEMBL6694,O=c1c(-c2ccc(O)cc2O)coc2cc(O)ccc12
CHEMBL6754,C=C1[C@@H](CC(=O)[O-])[C@H]1CCCC.[Na+]
CHEMBL265675,C=C1[C@@H](CC(N)=O)[C@H]1CCCC
CHEMBL7032,COc1ccc2c(c1O)-c1cc(O)cc3c1C(C2)N(C(=O)CN(CCCl)CCCl)CC3
CHEMBL6874,CC1(C)CCc2cc3c(C(F)(F)F)cc(O)nc3cc2N1
CHEMBL6650,CC(=O)Nc1cccnc1N1CCN(C(=O)c2cc3ccccc3[nH]2)CC1
CHEMBL6959,CC[C@H]1Cc2cc3c(C(F)(F)F)cc(O)nc3cc2N[C@@H]1CC
CHEMBL266637,COc1ccc2c(c1)-c1nc(-c3ccccc3)[nH]c1CC2
CHEMBL6973,COc1ccc(S(=O)(=O)N2CN(C)C(=O)C[C@@H]2C(=O)NO)cc1
CHEMBL7247,Nc1nc(O)c2ncn(CCCCCCCP(=O)(O)CP(=O)(O)O)c2n1
CHEMBL7248,CCOC(=O)c1cc2ccccn2/c(=N/c2ccc(C)cc2)n1
CHEMBL6895,C=C1[C@H](CCCC)[C@H]1CC(N)=O
CHEMBL6923,C=C1[C@H](CCCCCCCCCCCC)[C@H]1CC(=O)[O-].[Na+]
CHEMBL266697,CCCC/C(=C\Cn1oc(=O)[nH]c1=O)c1cccc(Oc2ccc(OC)cc2)c1
CHEMBL6985,c1ccc(-c2nc3c([nH]2)CCOc2ccccc2-3)cc1
CHEMBL7177,CC[C@@H]1CCc2cc3c(C(F)(F)F)cc(O)nc3cc2N1
CHEMBL268378,CCOP(=O)(O)CP(=O)(O)CCCCCn1cnc2c(O)nc(N)nc21
CHEMBL6983,C[C@H]1Cc2cc3c(C(F)(F)F)cc(O)nc3cc2N[C@@H]1C
CHEMBL7007,C=C1[C@H](CCCC)[C@H]1CC(=O)[O-].[Na+]
CHEMBL6795,CC(C)(CNC(=O)Cc1ccccc1)NCC(O)COC(=O)c1ccccc1F
CHEMBL6840,Cc1ccc(C(=O)OCC(O)CNC(C)C)cc1
CHEMBL267268,COc1ccc(-c2ccc(N3CC(CNC(C)=O)OC3=O)cc2C(F)(F)F)ccc1=O
CHEMBL6987,CC(=O)c1cccnc1N1CCN(C(=O)c2cc3ccccc3[nH]2)CC1
CHEMBL267374,CC(C)(C)NCC(O)COC(=O)Cc1ccccc1
CHEMBL263085,COCCOC(=O)NCC(C)(C)NCC(O)COC(=O)c1ccccc1F
CHEMBL7135,O=[N+]([O-])c1oc2ccc3ccccc3c2c1CCO
CHEMBL6934,O=[N+]([O-])c1oc2ccc3ccccc3c2c1-c1ccccc1
CHEMBL266762,CCCCc1c([N+](=O)[O-])oc2ccc3ccccc3c12
CHEMBL6535,CC(C)NCC(O)COC(=O)c1ccc(O)cc1
CHEMBL7283,CCNc1cccnc1N1CCN(Cc2cc3ccccc3[nH]2)CC1
CHEMBL7178,COc1ccc(N2CCN(C(=O)c3cc4ccccc4[nH]3)CC2)c(OC)c1
CHEMBL7179,COc1c(C)cc(C(=O)N2CCN(c3ccccn3)CC2)cc1C
CHEMBL7287,CCOc1ccccc1N1CCN(C(=O)c2cc(C)c(OC)c(C)c2)CC1
CHEMBL267193,COc1ccc2c(c1)-c1nc(-c3ccncc3)[nH]c1CCC2
CHEMBL6493,O=C(c1cc2ccccc2[nH]1)N1CCN(c2ncccc2NCc2ccccc2)CC1
CHEMBL268878,CC(C)Nc1cccnc1N1CCN(C(=O)c2cc3ccccc3[nH]2)CC1.CS(=O)(=O)O
CHEMBL29,CC1(C)S[C@@H]2[C@H](NC(=O)Cc3ccccc3)C(=O)N2[C@H]1C(=O)O
CHEMBL428,N[C@@H]1[C@H]2CN(c3nc4c(cc3F)c(=O)c(C(=O)O)cn4-c3ccc(F)cc3F)C[C@@H]12
CHEMBL7390,COc1ccc(S(=O)(=O)N2CN(Cc3ccccc3)C(=O)C[C@@H]2C(=O)NO)cc1
CHEMBL269019,COc1ccc(S(=O)(=O)N2CN(C3CCCCC3)C(=O)C[C@@H]2C(=O)NO)cc1
CHEMBL30,CN/C(=N\CCSCc1nc[nH]c1C)NC#N
CHEMBL6957,Cc1cccc(C(=O)OCC(O)CNC(C)C)c1
CHEMBL266130,COc1ccc(C(=O)OCC(O)CNC(C)C)cc1
CHEMBL6958,CCc1nnc2c(NC(C)C)nc3ccccc3n12
CHEMBL7271,CCc1nnc2c(NC3CCCC3)nc3ccccc3n12
CHEMBL428482,CC(C)Nc1cnnc(N2CCN(C(=O)c3ccc4[nH]ccc4c3)CC2)c1
CHEMBL267398,CC(C)(CNS(=O)(=O)c1ccccc1)NCC(O)COC(=O)c1ccccc1F
CHEMBL451240,CC(C)(C)Nc1cccnc1N1CCN(C(=O)c2cc3cc(F)ccc3[nH]2)CC1
CHEMBL6682,CCNc1cccnc1N1CCN(C(=O)c2cccc3cc[nH]c23)CC1
CHEMBL6870,CN(C)S(=O)(=O)NCC(C)(C)NCC(O)COC(=O)c1ccccc1F
CHEMBL427646,COc1ccc2[nH]c(C(=O)N3CCN(c4ncccc4NC(C)(C)C)CC3)cc2c1
CHEMBL269276,CCNc1cccnc1N1CCN(C(=O)c2ccc3[nH]ccc3c2)CC1
CHEMBL7149,Cc1ccc2c(c1)-c1nc(-c3ccncc3)[nH]c1CCC2
CHEMBL7219,CCc1nnc2c(NCC(C)O)nc3ccccc3n12
CHEMBL6938,COc1ccc2c(c1)-c1nc(-c3ccccc3)[nH]c1CCC2
CHEMBL269561,Fc1ccc2c(c1)-c1nc(-c3ccncc3)[nH]c1CCC2
CHEMBL7067,CC(CCc1ccccc1)NCC(O)c1cc(C(N)=O)c2c(ccn2C)c1
CHEMBL6896,CCCNc1cccnc1N1CCN(C(=O)c2cc3ccccc3[nH]2)CC1
CHEMBL6880,CCNc1cccnc1N1CCN(C(=O)c2ccc3ccccc3n2)CC1
CHEMBL266348,Cc1c(N2CC[C@@H](CN)C2)c(F)c(N)c2c(=O)c(C(=O)O)cn([C@@H]3C[C@@H]3F)c12
CHEMBL7342,Cc1ccc2c(c1)-c1nc(-c3cccnc3)[nH]c1CCC2
CHEMBL429006,COc1ccc2c(c1)-c1nc(-c3cccnc3)[nH]c1CCC2
CHEMBL7370,Fc1ccc2c(c1)-c1nc(-c3cccnc3)[nH]c1CCC2
CHEMBL7307,CCCOc1cccc(C(=O)OCC(O)CNC(C)C)c1
CHEMBL6863,CC(C)NCC(O)COC(=O)c1ccc(F)cc1
CHEMBL266211,CCNc1cccnc1N1CCN(C(=O)c2cc3cc(F)ccc3[nH]2)CC1.CS(=O)(=O)O
CHEMBL7319,Nc1nc(O)c2ncn(CCCCCCP(=O)(O)CP(=O)(O)O)c2n1
CHEMBL266590,COc1ccc(-c2c(F)cc(N3C[C@H](CNC(C)=O)OC3=O)cc2F)ccc1=O
CHEMBL7336,CC(C)(C)NCC(O)COC(=O)c1ccncc1
CHEMBL7426,Oc1[nH]c(Br)nc2nnc(Br)c1-2
CHEMBL7389,O=C(c1cc2ccccc2[nH]1)N1CCN(c2ncccc2NCC(F)(F)F)CC1
CHEMBL268402,O=C(CCCc1ccccc1)OC[C@H]1C[C@@H]2O[C@H]1[C@H]1C(=O)OC(=O)[C@H]12
CHEMBL7454,CCCCc1nnc2c(NC3CCCC3)nc3ccccc3n12
CHEMBL7455,CC[C@H]1Nc2cc3nc(O)cc(C(F)(F)F)c3cc2C[C@@H]1C
CHEMBL7402,C=C1[C@@H](CC(=O)[O-])[C@H]1CCCCCCCCCCCC.[Na+]
CHEMBL7468,C=C1[C@@H](CC(=O)[O-])[C@H]1CCCCCCCC.[Na+]
CHEMBL7325,CCc1nnc2c(Nc3ccccc3)nc3ccccc3n12
CHEMBL7337,Cc1ccccc1C(=O)OCC(O)CNC(C)(C)C
CHEMBL7433,O=C(Cc1c[nH]c2ccccc12)OC[C@H]1C[C@@H]2O[C@H]1[C@H]1C(=O)OC(=O)[C@H]12
CHEMBL7434,CC(=O)Nc1ccc(C(=O)OCC(O)CNC(C)C)cc1
CHEMBL268801,CCc1nnc2c(NC3CC4CCC3C4)nc3ccccc3n12
CHEMBL7472,CCc1nnc2c(NC3CCCCC3)nc3ccccc3n12
CHEMBL7459,CC(C)NCC(O)COC(=O)c1cccc([N+](=O)[O-])c1
CHEMBL7533,CC(C)(C)NCC(O)COC(=O)c1cccc([N+](=O)[O-])c1
CHEMBL7323,CC(C)(C)NCC(O)COC(=O)CCc1ccccc1
CHEMBL266803,CC(=O)Nc1cccc(C(=O)OCC(O)CNC(C)C)c1
CHEMBL427995,CC(C)(C)NCC(O)COC(=O)c1ccc2c(c1)OCO2
CHEMBL266292,COCCN1CN(S(=O)(=O)c2ccc(OC)cc2)[C@@H](C(=O)NO)CC1=O
CHEMBL7756,COc1ccc(S(=O)(=O)N2CCN(C(C)C)C(=O)C[C@@H]2C(=O)NO)cc1
CHEMBL7206,COc1ccc2c(c1O)-c1cccc3c1C(C2)N(CCOCCCl)CC3
CHEMBL7217,COc1ccc2c(c1O)-c1cccc3c1C(C2)N(CCOC(=O)NCCCl)CC3
CHEMBL7233,CC(C)(C)NCC(O)COC(=O)c1ccc(O)cc1
CHEMBL7234,CC(C)(C)NCC(O)COC(=O)c1ccc(C=O)cc1
CHEMBL7249,CC(=O)NCC(C)(C)NCC(O)COC(=O)c1ccccc1F
CHEMBL7195,CC(C)C(=O)NCC(C)(C)NCC(O)COC(=O)c1ccccc1F
CHEMBL269745,Nc1nc(O)c2ncn(CCCCCP(=O)(O)CP(=O)(O)O)c2n1
CHEMBL7068,Nc1nc(O)c2ncn(CCCCP(=O)(O)CP(=O)(O)O)c2n1
CHEMBL7148,CCOC(=O)c1cc2ccccn2/c(=N/c2ccc(Cl)cc2)n1
CHEMBL7260,CCOC(=O)c1cc2ccccn2/c(=N/c2ccccc2)n1
CHEMBL7162,CS(=O)(=O)Nc1ccc([N+](=O)[O-])cc1OC1CCCCC1
CHEMBL267449,C#CCNc1ccc(-c2ccc(N3C[C@H](CNC(C)=O)OC3=O)cc2F)ccc1=O
CHEMBL266447,C/N=c1\ccc(-c2ccc(N3C[C@H](CNC(C)=O)OC3=O)cc2F)ccc1O
CHEMBL7175,CC(C)NCc1cccnc1N1CCN(C(=O)c2cc3ccccc3[nH]2)CC1
CHEMBL7373,CC[C@@H]1C[C@H](C)c2cc3c(C(F)(F)F)cc(O)nc3cc2N1
CHEMBL7383,CC[C@@H]1C[C@H](CC)c2cc3c(C(F)(F)F)cc(O)nc3cc2N1
CHEMBL428650,O=C(O)[C@@H]1[C@H](C(=O)O)[C@H]2CC[C@@H]1O2
CHEMBL7451,O=C(CCc1ccccc1)OC[C@H]1C[C@@H]2O[C@H]1[C@H]1C(=O)OC(=O)[C@H]12
CHEMBL7646,CSc1nc(O)c2c(C(N)=O)[nH]nc2n1
CHEMBL31,COc1c(N2CCNC(C)C2)c(F)cc2c(=O)c(C(=O)O)cn(C3CC3)c12
CHEMBL7636,O=C(OC[C@H]1C[C@@H]2O[C@H]1[C@H]1C(=O)OC(=O)[C@H]12)c1ccc(Oc2ccccc2)cc1
CHEMBL7026,O=C1OC(=O)[C@@H]2[C@H]1[C@@H]1O[C@H]2C[C@@H]1COC(=O)[C@@H]1C[C@H]1c1ccccc1
CHEMBL414401,CCc1nnc2c(NC3CCC3)nc3ccccc3n12
CHEMBL414020,c1ccc(-c2nc3c([nH]2)-c2ccccc2CCC3)cc1
CHEMBL7147,c1ccc2c(c1)CCCc1nc(-c3c[nH]cn3)[nH]c1-2
CHEMBL6974,CC(C)NCC(O)COC(=O)c1ccc(CO)cc1
CHEMBL266529,C=CCOc1ccccc1C(=O)OCC(O)CNC(C)C
CHEMBL6981,CC(C)NCC(O)COC(=O)c1cccc(F)c1
CHEMBL7154,CC(C)NCC(O)COc1ccccc1
CHEMBL6924,COc1ccc(CCNCC(O)COC(=O)c2ccc(N)cc2)cc1OC
CHEMBL268114,COc1ccc(S(=O)(=O)N2CCN(S(=O)(=O)c3cn(C)cn3)CC[C@@H]2C(=O)NO)cc1
CHEMBL427616,COc1ccc(S(=O)(=O)N2CC[C@H](C(=O)NO)N(S(=O)(=O)c3ccc(OC)cc3)CC2)cc1
CHEMBL7425,COc1ccc2c(c1O)-c1cccc3c1C(C2)N(CCCl)CC3
CHEMBL7371,CC(C)(C)Nc1cccnc1N1CCN(C(=O)c2cc3ccccc3[nH]2)CC1
CHEMBL269256,O=C(c1cc2ccccc2[nH]1)N1CCN(c2ncccc2NCC2CC2)CC1
CHEMBL7372,COc1ccc2c(C)c([N+](=O)[O-])oc2c1
CHEMBL266720,CC(C)(C)NCC(O)COC(=O)C1c2ccccc2-c2ccccc21
CHEMBL268208,Cc1c(N2C[C@H](F)[C@@H](C3(N)CC3)C2)c(F)c(N)c2c(=O)c(C(=O)O)cn([C@@H]3C[C@@H]3F)c12
CHEMBL7322,COc1ccc(CCNCC(O)C(=O)Oc2ccccc2C)cc1OC
CHEMBL7170,Nc1nc(N)c2c(n1)CCC(CC1CCCO1)C2
CHEMBL7438,O=[N+]([O-])c1cc2ccccc2o1
CHEMBL7127,COc1ccc(CCNCC(O)COC(=O)c2ccc(C)cc2)cc1OC
CHEMBL263086,CCCc1cc(=O)oc2c3c(c4c(c12)OC(C)(C)C=C4)O[C@H](C)[C@H](C)[C@@H]3O
CHEMBL7585,CC(CCc1ccccc1)NCC(O)c1cc(C(N)=O)c2[nH]ccc2c1
CHEMBL7532,CC(C)(C)C(=O)c1cccnc1N1CCN(C(=O)c2cc3ccccc3[nH]2)CC1
CHEMBL7332,C=CCOc1cccc(C(=O)OCC(O)CNC(C)C)c1
CHEMBL266268,CC(C)NCC(O)COC(=O)c1cccc(N)c1
CHEMBL269360,Cc1ccccc1C(=O)OCC(O)CNC(C)C
CHEMBL7156,O=C(Cc1ccccc1)NCCNCC(O)COC(=O)c1ccccc1F
CHEMBL7712,CC(C)Nc1cc(C(F)(F)F)ccc1N1CCN(C(=O)c2cc3ccccc3[nH]2)CC1
CHEMBL7724,Cc1cc2ncc(-c3ccccc3)nc2cc1C
CHEMBL7725,Cc1cc(N)ccc1C(=O)OCC(O)CNC(C)(C)C
CHEMBL267517,CCC(=O)c1cccnc1N1CCN(C(=O)c2cc3ccccc3[nH]2)CC1
CHEMBL7528,CCNc1cccnc1N1CCN(C(=O)c2cccc3[nH]ccc23)CC1
CHEMBL7484,CCCOc1ccccc1C(=O)OCC(O)CNC(C)C
CHEMBL7023,CC(C)Nc1ccccc1N1CCN(C(=O)c2cc3ccccc3[nH]2)CC1
CHEMBL6998,CC(C)(C)NCC(O)COC(=O)C(c1ccccc1)c1ccccc1
CHEMBL7312,CC(C)(C)NCC(O)COC(=O)C1CCCC1
CHEMBL7313,CC(C)(C)NCC(O)COC(=O)c1ccc(F)cc1
CHEMBL266239,CCNc1cccnc1N1CCN(C(=O)c2c[nH]c3ccccc23)CC1
CHEMBL6984,CC(C)NCC(O)COC(=O)c1cccc2ccccc12
CHEMBL7080,Cc1c([N+](=O)[O-])oc2ccc3cc(Br)ccc3c12
CHEMBL266774,CC(=O)Cc1c([N+](=O)[O-])oc2ccc3ccccc3c12
CHEMBL6884,Cc1ccc2[nH]c(C(=O)c3cc4ccccc4[nH]3)cc2c1
CHEMBL6926,O=C(c1cc2ccccc2[nH]1)c1cc2cc(OCc3ccccc3)ccc2[nH]1
CHEMBL6927,CC(C)NCC(O)COC(=O)c1ccc(OCc2ccccc2)cc1
CHEMBL267614,CC(=O)NCC(C)NCC(O)COC(=O)c1ccccc1F
CHEMBL268430,C#CC(C)(C)NCC(O)COC(=O)c1ccccc1F
CHEMBL7663,CCOC(=O)NCC(C)(C)NCC(O)COC(=O)c1ccccc1F
CHEMBL7555,CCC(CC)Nc1cccnc1N1CCN(C(=O)c2cc3ccccc3[nH]2)CC1
CHEMBL264723,COc1ccc(CCNCC(O)COC(=O)c2cccc(C)c2)cc1OC
CHEMBL269110,O=C(c1cc2ccccc2[nH]1)c1cc2cc(OCCN3CCOCC3)ccc2[nH]1
CHEMBL7639,COc1ccc(CCNCC(O)C(=O)Oc2cccc3ccccc23)cc1OC
CHEMBL414019,CC(C)NCC(O)COC(=O)c1ccccc1
CHEMBL7310,CC(C)NCC(O)COC(=O)c1ccc(N)cc1
CHEMBL7694,CC(C)NCC(O)COC(=O)c1ccc(C#N)cc1
CHEMBL429,CC(CCc1ccccc1)NCC(O)c1ccc(O)c(C(N)=O)c1
CHEMBL7750,CC(C)(CNC(=O)C1CCCCC1)NCC(O)COC(=O)c1ccccc1F
CHEMBL7733,COc1ccc(CCNCC(O)COC(=O)c2ccccc2C)cc1OC
CHEMBL32,COc1c(N2C[C@@H]3CCCN[C@@H]3C2)c(F)cc2c(=O)c(C(=O)O)cn(C3CC3)c12
CHEMBL269278,COc1ccc(CCNCC(O)COC(=O)c2ccc(F)cc2)cc1OC
CHEMBL268141,CC(C)(C)NCC(O)COC(=O)c1ccccc1Cl
CHEMBL7082,CC(C)(C)NC(=O)c1cccnc1N1CCN(C(=O)c2cc3ccccc3[nH]2)CC1
CHEMBL33,C[C@H]1COc2c(N3CCN(C)CC3)c(F)cc3c(=O)c(C(=O)O)cn1c23
CHEMBL6879,CN(C(=O)[C@H](CC#Cc1cccnc1)NS(=O)(=O)c1ccc2ccccc2c1)C1CCCC1
CHEMBL7218,NS(=O)(=O)c1ccc(/C=C/c2ccc(F)cc2)cc1
CHEMBL267240,COc1cccc(/C=C/c2ccc(S(N)(=O)=O)cc2)c1
CHEMBL414402,COc1cccc2cc(C(=O)c3cc4ccccc4[nH]3)[nH]c12
CHEMBL266771,COc1ccc2ccc3oc([N+](=O)[O-])cc3c2c1Br
CHEMBL6965,COc1ccc2ccc3oc([N+](=O)[O-])cc3c2c1OC
CHEMBL7483,CCNc1cccnc1N1CCN(C(=O)c2cc3ccccc3[nH]2)CC1
CHEMBL266324,CCNc1cccnc1N1CCN(C(=O)c2cc3c(C)c(OC)c(C)c(C)c3[nH]2)CC1
CHEMBL7198,CN(C(=O)[C@H](CC#Cc1ccc(N)nc1)NS(=O)(=O)c1ccc2ccccc2c1)C1CCCC1
CHEMBL7296,COc1ccc2[nH]c(C(=O)c3cc4ccccc4[nH]3)cc2c1
CHEMBL7173,COc1ccc2c(c1)c(CCN(C)C)cn2C(C)C
CHEMBL268163,CC(C)c1c([N+](=O)[O-])oc2ccc3ccccc3c12
CHEMBL7174,O=[N+]([O-])c1cc2c(ccc3ccccc32)o1
CHEMBL6922,COc1ccc2cc3c(ccc4oc([N+](=O)[O-])cc43)cc2c1
CHEMBL266759,O=[N+]([O-])c1cc2c(ccc3cc4ccccc4cc32)o1
CHEMBL6996,COc1ccc2[nH]c(C(=O)N3CCN(c4ncccc4NC(C)C)CC3)cc2c1.CS(=O)(=O)O
CHEMBL267974,CCNc1ccccc1N1CCN(C(=O)c2cc3ccccc3[nH]2)CC1
CHEMBL415295,COc1ccc(CCNCC(O)C(=O)Oc2ccccc2)cc1OC
CHEMBL7207,CC(=O)Oc1ccc2c(ccc3oc([N+](=O)[O-])cc32)c1
CHEMBL428145,O=[N+]([O-])c1cc2ccc3cc4ccccc4cc3c2o1
CHEMBL7467,CC(C)(CNC(N)=O)NCC(O)COC(=O)c1ccccc1F
CHEMBL266674,CC(C)Nc1cccnc1N1CCN(C(=O)c2cc3cc(F)ccc3[nH]2)CC1.CS(=O)(=O)O
CHEMBL7526,COc1ccccc1COC(=O)C(O)CNCCc1ccc(OC)c(OC)c1
CHEMBL7448,COc1ccc2c(ccc3oc([N+](=O)[O-])cc32)c1Br
CHEMBL266291,COc1cc2oc([N+](=O)[O-])cc2c2ccccc12
CHEMBL7037,NS(=O)(=O)c1ccc(/C=C/c2ccc(O)c(O)c2)cc1
CHEMBL266403,O=[N+]([O-])c1cc2cc3ccc4cccc5ccc(c2o1)c3c45
CHEMBL7362,CNC(=O)NCC(C)(C)NCC(O)COC(=O)c1ccccc1F
CHEMBL414207,CC(C)(C)NCC(O)COC(=O)c1ccccc1O
CHEMBL7428,Cc1c([N+](=O)[O-])oc2cc3ccccc3cc12
CHEMBL266722,Cc1c([N+](=O)[O-])oc2c3c(ccc12)CCCC3
CHEMBL7429,CC(=O)NC[C@@H]1CN(c2ccc(N3CCOCC3)c(F)c2)C(=O)O1
CHEMBL7111,NS(=O)(=O)c1ccc(/C=C/c2cccc(O)c2)cc1
CHEMBL269523,CC(C)(C)NCC(O)COC(=O)c1ccc([N+](=O)[O-])cc1Cl
CHEMBL7732,CCCn1cc(CCN(C)C)c2cc(OC)ccc21
CHEMBL7563,COc1ccc(-c2ccc(N3C[C@H](CNC(C)=O)OC3=O)cc2F)ccc1=O
CHEMBL267206,O=[N+]([O-])c1cc2c(cc3ccc4cccc5ccc2c3c45)o1
CHEMBL7620,Cc1cccc(C(=O)OCC(O)CNC(C)(C)C)c1
CHEMBL7692,CC(C)(C)NCC(O)COC(=O)c1cccc(O)c1
CHEMBL266327,O=C(CCCC1CCCCC1)OC[C@H]1C[C@@H]2O[C@H]1[C@H]1C(=O)OC(=O)[C@H]12
CHEMBL7739,CC(C)NCC(O)COC(=O)c1ccc2ccccc2c1
CHEMBL267516,CC(C)NCC(O)COC(=O)c1ccc([N+](=O)[O-])cc1
CHEMBL7166,CCn1cc(CCN(C)C)c2cc(OC)ccc21
CHEMBL7220,COc1ccc2c(c1)c(CCN(C)C)cn2C
CHEMBL268880,CCOc1ccccc1N1CCN(C(=O)c2cc3ccccc3[nH]2)CC1
CHEMBL6920,Cc1ccccc1OCC(O)CNC(C)C
CHEMBL267972,C[S+]([O-])c1nc(O)c2c(Br)[nH]nc2n1
CHEMBL7036,O=C(OC[C@H]1C[C@@H]2O[C@H]1[C@H]1C(=O)OC(=O)[C@H]12)c1cccc(Oc2ccccc2)c1
CHEMBL7025,Oc1[nH]c(Br)nc2nncc1-2
CHEMBL430,CO/N=C1\CN(c2nc3c(cc2F)c(=O)c(C(=O)O)cn3C2CC2)CC1CN
CHEMBL7263,COc1ccc(OC)c(NCC2CCc3nc(N)nc(N)c3C2)c1
CHEMBL6899,COc1cc(CN2CCc3nc(N)nc(N)c3C2)cc(OC)c1OC
CHEMBL7259,COc1ccccc1N1CCN(C(=O)c2cc3ccccc3[nH]2)CC1
CHEMBL7096,Cc1c([N+](=O)[O-])oc2ccccc12
CHEMBL7264,CCNc1cccnc1N1CCN(C(=O)c2cc3cc(OC)ccc3[nH]2)CC1.CS(=O)(=O)O
CHEMBL7265,Cc1c(N2C[C@@H](F)[C@@H](C3(N)CC3)C2)c(F)c(N)c2c(=O)c(C(=O)O)cn([C@@H]3C[C@@H]3F)c12
CHEMBL6980,Cc1c([N+](=O)[O-])oc2ccc3ccccc3c12
CHEMBL6935,CC(C)(CNC(=O)N1CCOCC1)NCC(O)COC(=O)c1ccccc1F
CHEMBL266760,CC(C)NCC(O)COC(=O)c1ccccc1F
CHEMBL6878,CC(C)(C)NCC(O)COC(=O)c1ccc(N)cc1
CHEMBL6821,CC(C)(C)NCC(O)COC(=O)c1ccc(OCc2ccccc2)cc1
CHEMBL7354,COc1ccc2oc([N+](=O)[O-])cc2c1
CHEMBL7407,COC(=O)c1cccnc1N1CCN(C(=O)c2cc3ccccc3[nH]2)CC1
CHEMBL266920,COc1ccc(-c2c(F)cc(N3CC(CNC(C)=O)OC3=O)cc2F)ccc1=O
CHEMBL7622,CC(C)NCC(O)COC(=O)c1ccccc1Cl
CHEMBL7665,CC(C)(C)NCC(O)COC(=O)c1cccc(N)c1
CHEMBL7644,COc1cc2ccccc2c2cc([N+](=O)[O-])oc12
CHEMBL7261,O=[N+]([O-])c1cc2ccc3c(c2o1)CCCC3
CHEMBL7116,COc1ccc2oc(-c3ccc([N+](=O)[O-])o3)cc2c1
CHEMBL267691,CC(C)Nc1cc(F)ccc1N1CCN(C(=O)c2cc3ccccc3[nH]2)CC1
CHEMBL266091,CCCc1cc(=O)oc2c3c(c4c(c12)OC(C)(C)C=C4)OC[C@H](C)[C@@H]3O
CHEMBL7270,CCCc1cc(=O)oc2c3c(c4c(c12)OC(C)(C)C=C4)O[C@H](C)C(C)(C)C3=O
CHEMBL266942,COc1ccc(-c2ccc(N3CC(CNC(C)=O)OC3=O)cc2F)ccc1=O
CHEMBL7196,COc1ccc2c(ccc3oc([N+](=O)[O-])c(C)c32)c1
CHEMBL427979,O=C(CCCCc1ccccc1)OC[C@H]1C[C@@H]2O[C@H]1[C@H]1C(=O)OC(=O)[C@H]12
CHEMBL6951,O=C(OC[C@H]1C[C@@H]2O[C@H]1[C@H]1C(=O)OC(=O)[C@H]12)c1ccccc1
CHEMBL266546,CC(C)(C)NCC(O)COC(=O)c1ccccc1
CHEMBL7024,CC(C)(C)NCC(O)COC(=O)c1ccccc1F
CHEMBL7139,COc1ccc(OC)c(CN2CCc3nc(N)nc(N)c3C2)c1
CHEMBL7385,N#Cc1ccccc1N1CCN(C(=O)c2cc3ccccc3[nH]2)CC1
CHEMBL7386,Cc1cc([N+](=O)[O-])ccc1C(=O)OCC(O)CNC(C)(C)C
CHEMBL7495,O=C(Oc1ccc2[nH]c(C(=O)c3cc4ccccc4[nH]3)cc2c1)c1cccnc1
CHEMBL7496,O=C(c1cc2ccccc2[nH]1)c1cc2cc(OC(=O)C3CCC3)ccc2[nH]1
CHEMBL268401,CC(C)(C)NCC(O)COC(=O)c1cccc(OCc2ccccc2)c1
CHEMBL7414,CC(C)C(=O)NCCNCC(O)COC(=O)c1ccccc1F
CHEMBL7388,Cc1ccc2c(ccc3oc([N+](=O)[O-])cc32)c1
CHEMBL7200,O=[N+]([O-])c1cc2c(ccc3cc(Br)ccc32)o1
CHEMBL7437,CC(C)Nc1ccc(F)cc1N1CCN(C(=O)c2cc3ccccc3[nH]2)CC1
CHEMBL7346,CCOC(=O)c1ccc(NC(=O)Nc2ccc3c(c2)C(C)=CC(C)(C)N3C)cc1
CHEMBL266499,O=C(c1cc2ccccc2[nH]1)c1cc2cc(OC(=O)c3ccco3)ccc2[nH]1
CHEMBL7453,CCCc1cc(=O)oc2c3c(c4c(c12)OC(C)(C)C=C4)OC(C)(C)CC3O
CHEMBL267951,CCCc1cc(=O)oc2c1c1c(c3oc(C)c(C)c(=O)c32)C=CC(C)(C)O1
CHEMBL7499,NS(=O)(=O)c1ccc(/C=C/c2ccc(O)cc2)cc1
CHEMBL7500,CN(C)c1ccc(/C=C/c2ccc(S(N)(=O)=O)cc2)cc1
CHEMBL7374,O=[N+]([O-])c1cc2c3c(ccc2o1)CCCC3
CHEMBL266050,CCCc1cc(=O)oc2c3c(c4c(c12)OC(C)(C)C=C4)OC(C)(C)[C@H](C)[C@@H]3O
CHEMBL6883,CCCc1cc(=O)oc2c3c(c4c(c12)OC(C)(C)C=C4)O[C@H](C(C)C)[C@H](C)[C@@H]3O
CHEMBL268206,CN(C(=O)[C@H](CC#Cc1ccncc1)NS(=O)(=O)c1ccc2ccccc2c1)C1CCCC1
CHEMBL7201,CN(C(=O)[C@H](CC#Cc1c[nH]cn1)NS(=O)(=O)c1ccc2ccccc2c1)C1CCCC1
CHEMBL7492,COc1ccc(OC)c(Cc2cnc3nc(N)nc(N)c3c2C)c1
CHEMBL7542,Cc1ccccc1CC1CCc2nc(N)nc(N)c2C1
CHEMBL269488,COc1ccc2ccc3oc([N+](=O)[O-])cc3c2c1
CHEMBL7391,Cc1c(N2CC[C@@H]([C@H](C)N)C2)c(F)c(N)c2c(=O)c(C(=O)O)cn([C@@H]3C[C@@H]3F)c12
CHEMBL269586,CN(C)CCOc1ccc2[nH]c(C(=O)c3cc4ccccc4[nH]3)cc2c1
CHEMBL7461,CCOC(=O)C1=C(O)C(=O)N(CCc2ccccc2)C1
CHEMBL7462,CC(C)(C)NCC(O)COC(=O)c1cccc2ccccc12
CHEMBL7397,CCOC(=O)c1cccnc1N1CCN(C(=O)c2cc3ccccc3[nH]2)CC1
CHEMBL268086,CCNc1cccnc1N1CCN(C(=O)c2cnc3ccccc3c2)CC1
CHEMBL267179,CSCC[C@H](NC=O)C(=O)N[C@@H](CC(C)C)C(=O)N[C@@H](Cc1ccccc1)C(=O)O
CHEMBL7143,COc1ccc2[nH]c(C)c(CCN(C)C)c2c1
CHEMBL7144,O=c1[nH]c(=O)n(C2COC(CO)C(O)C2)cc1I
CHEMBL267651,CCOC(=O)C1=C(O)C(=O)N([C@@H](C)c2ccccc2)C1
CHEMBL7305,CCCc1cc(=O)oc2c3c(c4c(c12)OC(C)(C)C=C4)OC(C)(C)[C@H](C)C3=O
CHEMBL7512,COc1cc2cc([N+](=O)[O-])oc2c2ccccc12
CHEMBL7456,CNCC(O)COC(=O)c1ccc2c(c1)OCO2
CHEMBL266550,Cc1c([N+](=O)[O-])oc2cc3c(cc12)CCCC3
CHEMBL266051,O=[N+]([O-])c1cc2cc3c(cc2o1)CCCC3
CHEMBL7066,CCNc1cccc(N2CCN(C(=O)c3ccc4[nH]ccc4c3)CC2)n1
CHEMBL6866,CC(C)Nc1ccc(N2CCN(C(=O)c3ccc4[nH]ccc4c3)CC2)nc1
CHEMBL6968,CCCc1cc(=O)oc2c3c(c4c(c12)OC(C)(C)C=C4)O[C@H](C(C)C)[C@@H](C)C3=O
CHEMBL6969,O=C(/C=C/c1ccccc1)Oc1ccc2[nH]c(C(=O)c3cc4ccccc4[nH]3)cc2c1
CHEMBL7743,O=[N+]([O-])c1cc2cc(Cl)c3ccccc3c2o1
CHEMBL7602,COc1ccc2cc(C(=O)c3cc4ccccc4[nH]3)[nH]c2c1
CHEMBL7509,COc1ccc(CCNCC(O)COC(=O)c2cccc(Cl)c2)cc1OC
CHEMBL267416,CCC(C)(C)NCC(O)COC(=O)c1ccccc1F
CHEMBL266548,CC(C)NCC(O)COC(=O)c1ccc2c(c1)OCO2
CHEMBL7398,COc1cc(C(=O)Oc2ccc3[nH]c(C(=O)c4cc5ccccc5[nH]4)cc3c2)cc(OC)c1OC
CHEMBL266322,CCCc1cc(=O)oc2c3c(c4c(c12)OC(C)(C)C=C4)O[C@H](CC)[C@H](C)[C@H]3O
CHEMBL7185,N[C@@H]1CCc2cc(O)c(O)cc2[C@H]1O
CHEMBL266290,CC(C)N1CCCC(O)(c2ccc(O)c(O)c2)C1
CHEMBL7487,COc1ccc(CCNCC(O)COC(=O)c2ccccc2)cc1OC
CHEMBL7488,COc1cc(NCC2CCc3nc(N)nc(N)c3C2)cc(OC)c1OC
CHEMBL7338,COc1ccc2[nH]c(C(=O)c3cc4cc(OC)ccc4[nH]3)cc2c1
CHEMBL7693,CCCc1cc(=O)oc2c(C(O)CC)c(OCC)c3c(c12)OC(C)(C)C=C3
CHEMBL7169,Oc1ccc2c(c1O)CCC[C@@H]2C1=NCCN1
CHEMBL7186,Oc1ccc2c(c1O)CCCC2C1=NCCN1
CHEMBL7224,CCOC(=O)C1=C(O)C(=O)N(C2c3ccccc3-c3ccccc32)C1
CHEMBL267852,CCc1c([N+](=O)[O-])oc2ccc3ccccc3c12
CHEMBL7525,CCOC(=O)COc1ccc2c(ccc3oc([N+](=O)[O-])cc32)c1
CHEMBL7539,COc1ccc(CCNCC(O)COC(=O)c2ccccc2F)cc1OC
CHEMBL7330,COc1ccc(CCNCC(O)COC(=O)c2ccccc2Cl)cc1OC
CHEMBL7543,CCOC(=O)c1ccc(N/C(S)=N/c2cccc3c2OC(C)(C)CC3(C)C)cc1
CHEMBL7317,O=C(CCc1ccccc1)Oc1ccc2[nH]c(C(=O)c3cc4ccccc4[nH]3)cc2c1
CHEMBL7304,CCOC(=O)C1=C(O)C(=O)N(Cc2ccco2)C1
CHEMBL267616,COc1ccc(CC2CCc3nc(N)nc(N)c3C2)cc1OC
CHEMBL431,CCOC(=O)[C@H](CCc1ccccc1)N[C@@H](C)C(=O)N1CC2(C[C@H]1C(=O)O)SCCS2
CHEMBL6908,O=[N+]([O-])c1cc2cc3ccccc3c(Br)c2o1
CHEMBL7227,COc1cccc2cc3cc([N+](=O)[O-])oc3cc12
CHEMBL7161,CC(C)C(=O)c1cccnc1N1CCN(C(=O)c2cc3ccccc3[nH]2)CC1
CHEMBL7008,CC(C)(C)OC(=O)C1=C(O)C(=O)N(Cc2ccccc2)C1
CHEMBL7062,Nc1nc(N)c2c(n1)CCC(Cc1ccc(OC(F)(F)F)cc1)C2
CHEMBL7063,COc1cc(CC2CCc3nc(N)nc(N)c3C2)cc(OC)c1OC
CHEMBL267879,CCOC(=O)C1=C(O)C(=O)N(C2CCCCC2)C1
CHEMBL6909,CCOC(=O)C1=C(O)C(=O)N(CC2CCCCC2)C1
CHEMBL6894,Cc1c(N2CC[C@@H](C3(N)CC3)C2)c(F)c(N)c2c(=O)c(C(=O)O)cn([C@@H]3C[C@@H]3F)c12
CHEMBL6882,C=CCOc1ccc(C(=O)OCC(O)CNC(C)(C)C)cc1
CHEMBL6999,CC(C)(C)NCC(O)COC(=O)c1ccc([N+](=O)[O-])cc1
CHEMBL266024,Nc1nc(N)c2c(n1)CCC(Cc1cccc(OC(F)(F)F)c1)C2
CHEMBL7013,CCOC(=O)C1=C(O)C(=O)N(c2cccc3ccccc23)C1
CHEMBL6912,COc1ccc(C(=O)Oc2ccc3[nH]c(C(=O)c4cc5ccccc5[nH]4)cc3c2)cc1
CHEMBL6913,CC(C)N[C@@H]1CCc2c(ccc(O)c2O)[C@H]1O
CHEMBL7318,COc1ccc2[nH]c(-c3ccccc3)c(CCN(C)C)c2c1
CHEMBL267615,CCc1[nH]c2ccc(OC)cc2c1CCN(C)C
CHEMBL267721,COc1ccc2[nH]c(C(=O)c3cc4ccccc4s3)cc2c1
CHEMBL7540,O=C(c1cc2ccccc2s1)c1cc2ccccc2s1
CHEMBL432,NCC(O)c1ccc(O)c(O)c1
CHEMBL7541,COC(=O)C1=C(O)C(=O)N(Cc2ccccc2)C1
CHEMBL268844,COc1ccc2c(c1/N=C(\S)Nc1ccc([N+](=O)[O-])cc1)C(C)(C)COC2(C)C
CHEMBL434,CC(C)NCC(O)c1ccc(O)c(O)c1
CHEMBL7278,Oc1ccc(C2(O)CCCNC2)cc1O
CHEMBL267286,COC(=O)Cc1ccc2c(ccc3oc([N+](=O)[O-])cc32)c1
CHEMBL7645,COc1ccc2c(ccc3oc([N+](=O)[O-])cc32)c1
CHEMBL266815,CCc1ccccc1N1CCN(C(=O)c2cc3ccccc3[nH]2)CC1
CHEMBL7320,COc1ccc(CCNCC(O)COC(=O)c2cccc(F)c2)cc1OC
CHEMBL7184,CCCOc1ccc(C(=O)OCC(O)CNC(C)(C)C)cc1
CHEMBL7183,CCOC(=O)C1=C(O)C(=O)N(Cc2ccc(Cl)cc2)C1
CHEMBL7242,CCCc1cc(=O)oc2c(C(=O)[C@H](C)[C@H](C)O)c(O)c3c(c12)OC(C)(C)C=C3
CHEMBL7182,CC(C)(C)NCC(O)COC(=O)CCCc1ccccc1
CHEMBL269746,CC(=O)c1ccc2c(ccc3oc([N+](=O)[O-])cc32)c1
CHEMBL7208,CNC(=O)c1cccnc1N1CCN(C(=O)c2cc3ccccc3[nH]2)CC1
CHEMBL266772,CCOC(=O)C1=C(O)C(=O)N(Cc2ccccc2Cl)C1
CHEMBL266591,Cc1[nH]c2ccc(O)cc2c1CCN
CHEMBL7356,O=C(c1cc2ccccc2[nH]1)c1cc2cc(OCCCCCI)ccc2[nH]1
CHEMBL447228,CCOC(=O)c1ccc(N/C(S)=N/c2ccc3c(c2)C(C)=CC(C)(C)N3C)cc1
CHEMBL6936,CCOC(=O)C1=C(O)C(=O)N(c2ccccc2)C1
CHEMBL6994,Cc1c(N2C[C@H](C3(N)CC3)C(F)(F)C2)c(F)c(N)c2c(=O)c(C(=O)O)cn([C@@H]3C[C@@H]3F)c12
CHEMBL266405,COc1cc(/C=C/c2ccc(S(N)(=O)=O)cc2)cc(OC)c1
CHEMBL415486,CCC(C)Nc1cccnc1N1CCN(C(=O)c2cc3ccccc3[nH]2)CC1
CHEMBL267418,COc1ccc(CCNCC(O)COC(=O)c2ccc(CO)cc2)cc1OC
CHEMBL440268,O=C(c1cc2ccccc2[nH]1)c1cc2cc(OCC3CCCCC3)ccc2[nH]1
CHEMBL269089,CCOC(=O)C1=C(O)C(=O)N([C@H](C)c2ccccc2)C1
CHEMBL7485,CCCc1cc(=O)oc2c(C(=O)CC)c(OCC)c3c(c12)OC(C)(C)C=C3
CHEMBL7681,Oc1ccc(C2CNCCO2)cc1O
CHEMBL7749,CCCOC(=O)C1=C(O)C(=O)N(Cc2ccccc2)C1
CHEMBL268800,COc1ccc2[nH]c(C)c(CCN)c2c1
CHEMBL7580,Cc1[nH]c2ccccc2c1CCN(C)C
CHEMBL7241,Cc1c([N+](=O)[O-])oc2c1ccc1ccccc12
CHEMBL7159,Cc1c([N+](=O)[O-])oc2ccc3c(c12)CCCC3
CHEMBL7160,N[C@@H]1CCc2c(ccc(O)c2O)[C@H]1O
CHEMBL266497,O=C1NC(=O)[C@@]2(CCOc3ccc(F)cc32)N1
CHEMBL269063,CCCc1cc(=O)oc2c3c(c4c(c12)OC(C)(C)C=C4)O[C@H](C)[C@H](C)[C@H]3O
CHEMBL7378,CCCc1cc(=O)oc2c3c(c4c(c12)OC(C)(C)C=C4)O[C@H](C)[C@H](C)C3=O
CHEMBL7012,CCNc1cccnc1N1CCN(C(=O)c2ccc3ccccc3c2)CC1
CHEMBL7014,CCNc1cccnc1N1CCN(C(=O)c2cnccn2)CC1
CHEMBL268881,CC(C)N1CCOC(c2ccc(O)c(O)c2)C1
CHEMBL6898,CC(C)NC1CCc2cc(O)c(O)cc2[C@H]1O
CHEMBL7258,O=[N+]([O-])c1cc2c(ccc3cc(O)ccc32)o1
CHEMBL7469,O=C(O)[C@@H]1CCCN1C(=O)c1ccccc1Br
CHEMBL266776,Cn1cccc1C1NC(=O)c2cccnc2N1
CHEMBL266773,CCOC(=O)C1=C(O)C(=O)N(Cc2ccncc2)C1
CHEMBL6868,NC(=O)c1[nH]nc2nc(S)nc(O)c12
CHEMBL6970,Nc1nc(N)c2c(n1)CCC(Cc1ccccc1)C2
CHEMBL6971,Nc1nc(N)c2c(n1)CCC(Cc1ccc(Cl)c(Cl)c1)C2
CHEMBL435,NS(=O)(=O)c1cc2c(cc1Cl)NCNS2(=O)=O
CHEMBL35,NS(=O)(=O)c1cc(C(=O)O)c(NCc2ccco2)cc1Cl
CHEMBL7589,N#CCCCc1cc2c(cc1O)CCO2
CHEMBL7731,O=C(NCCc1c[nH]c2ccccc12)c1ccccc1Br
CHEMBL268558,Clc1ccc(N2CCN(Cc3cnn4ccc5ccccc5c34)CC2)cc1
CHEMBL412899,O=C(O)CCCc1cc2c(cc1O)CCO2
CHEMBL7652,CCCc1cc(=O)oc2c3c(c4c(c12)OC(C)(C)C=C4)OC[C@H](C)C31OCOCO1
CHEMBL269111,CC1=CC(C)(C)N(C)c2ccc(N/C(S)=N/c3ccc([N+](=O)[O-])cc3)cc21
CHEMBL268670,CS(=O)(=O)C1CN(Cc2ccccc2)C(=O)C1=O
CHEMBL7754,CSC1CN(Cc2ccccc2)C(=O)C1=O
CHEMBL7755,CC1CN(Cc2ccccc2)C(=O)C1=O
CHEMBL267016,O=C1CCN(Cc2ccccc2)C1=O
CHEMBL7544,O=C1NC(c2cccnc2)Nc2nccnc21
CHEMBL268087,O=C1NC(c2ccc(C(F)(F)F)cc2)Nc2ncccc21
CHEMBL268379,CC(C)c1ccc(C2NC(=O)c3cccnc3N2)cc1
CHEMBL7103,OCCc1ccc(OCCCc2cc3c(cc2O)CCO3)cc1
CHEMBL415479,CNc1ccc(C#CC[C@H](NS(=O)(=O)c2ccc3ccccc3c2)C(=O)N(C)C2CCCC2)cc1
CHEMBL7411,COc1cccc(CC(=O)Oc2ccc3[nH]c(C(=O)c4cc5ccccc5[nH]4)cc3c2)c1
CHEMBL7480,O=C1NC(=O)C2(N1)c1ccccc1-c1ccc(F)cc12
CHEMBL7648,CC1=CC(C)(C)N(C)c2ncc(/C=C/C(C)=C\C=N\N=C(/N)S)cc21
CHEMBL7707,Oc1ccc2c(c1O)CCC[C@H]2C1=NCCN1
CHEMBL7623,O=C1c2ccc(OCc3cccnc3)cc2CCC1CCN1CCC(c2ccccc2)CC1
CHEMBL267437,Nc1nc(N)c2c(n1)CCC(Cc1cccc(C(F)(F)F)c1)C2
CHEMBL7452,COc1ccc(CC2CCc3nc(N)nc(N)c3C2)cc1
CHEMBL7634,O=C1CCCN1CC#CCN1CCCC1
CHEMBL7593,O=C(c1cc2ccccc2[nH]1)c1cc2cc(OCCN3CCCCC3)ccc2[nH]1
CHEMBL36,CCc1nc(N)nc(N)c1-c1ccc(Cl)cc1
CHEMBL7099,Oc1cc2c(cc1Sc1ccccn1)OCC2
CHEMBL7114,O=C(c1cc2ccccc2[nH]1)c1cc2cc(OC(=O)C3CC3)ccc2[nH]1
CHEMBL436,COc1ccc2c(C(=S)N(C)CC(=O)O)cccc2c1C(F)(F)F
CHEMBL6828,CCOC(=O)C1=C(O)C(=O)N(Cc2ccccn2)C1
CHEMBL6943,CC(C)(C)OC(=O)C1=C(O)C(=O)N(Cc2cccs2)C1
CHEMBL6944,CCOC(=O)C1=C(O)C(=O)N(Cc2cccs2)C1
CHEMBL6696,CCC1CCc2nc(N)nc(N)c2C1
CHEMBL7375,COc1ccc(OC)c(CC2CCc3nc(N)nc(N)c3C2)c1
CHEMBL266721,Oc1cc2c(cc1SCCCc1ccccc1)OCC2
CHEMBL437,Nc1ccc(S(=O)(=O)Nc2nccs2)cc1
CHEMBL7491,Oc1cc2c(cc1CCCSCc1cccnc1)OCC2
CHEMBL267718,CCOC(=O)c1ccc(NC(=O)Nc2ccc3c(c2)C(C)(C)CC(C)(C)O3)cc1
CHEMBL7420,CCOC(=O)c1ccc(NC(=O)Nc2cccc3c2OC(C)(C)CC3(C)C)cc1
CHEMBL7355,CC1(C)CC(C)(C)c2cccc(/N=C(\S)Nc3ccc([N+](=O)[O-])cc3)c2O1
CHEMBL269121,CCCc1cc(=O)oc2c(C(=O)C(C)(C)C(C)O)c(O)c3c(c12)OC(C)(C)C=C3
CHEMBL7273,Oc1cc2c(cc1CCCSc1ccccc1)OCC2
CHEMBL7274,COc1ccc2c(c1)CCC(CN1CCC(c3ccccc3)CC1)C2=O
CHEMBL269020,CN(C(=O)[C@H](CC#Cc1cnc(N)s1)NS(=O)(=O)c1ccc2ccccc2c1)C1CCCC1
CHEMBL428672,CCOC(=O)C1C(=O)C(=O)NC12CCOc1ccc(F)cc12
CHEMBL414208,CCOC(=O)C1=C(O)C(=O)N(Cc2ccc(OC)cc2)C1
CHEMBL7415,CCOC(=O)C1=C(O)C(=O)N(Cc2ccc(Cl)c(Cl)c2)C1
CHEMBL266210,CCCc1cc(=O)oc2c(C(=O)C(C)C(C)(C)O)c(O)c3c(c12)OC(C)(C)C=C3
CHEMBL7276,O=C(Oc1ccc2[nH]c(C(=O)c3cc4ccccc4[nH]3)cc2c1)c1ccccc1
CHEMBL7107,Oc1cc2c(cc1OCCCOc1ccccc1)OCC2
CHEMBL273767,Oc1cc2c(cc1OCCCc1ccccc1)OCC2
CHEMBL7221,CN(C(=O)[C@H](CC#Cc1cccc(N)c1)NS(=O)(=O)c1ccc2ccccc2c1)C1CCCC1
CHEMBL268355,COc1cccc(CC2CCc3nc(N)nc(N)c3C2)c1
CHEMBL7603,CCOC(=O)C1=C(O)C(=O)N(Cc2ccc(Br)cc2)C1
CHEMBL7658,CCOC(=O)C1=C(O)C(=O)N(Cc2cccc3ccccc23)C1
CHEMBL7510,CC(=O)OC(C(=O)Oc1ccc2[nH]c(C(=O)c3cc4ccccc4[nH]3)cc2c1)c1ccccc1
CHEMBL7538,COC(=O)[C@H](Cc1c[nH]c2ccccc12)NC(=O)c1ccccc1Br
CHEMBL267472,CCCc1c(O)ccc2c1CCO2
CHEMBL7606,C=CCc1c(O)ccc2c1CCO2
CHEMBL268870,COc1ccccc1CC1CCc2nc(N)nc(N)c2C1
CHEMBL7679,O=C(O)Cc1nn(Cc2ccc(Br)cc2F)c(=O)c2ccccc12
CHEMBL7537,CC(=C\c1ccccc1)/C=C1/SC(=S)N(CC(=O)O)C1=O
CHEMBL269090,CCCc1cc(=O)oc2c3c(c4c(c12)OC(C)(C)C=C4)O[C@H](C)[C@@H](C)C3=O
CHEMBL7331,NC(=O)[C@H](Cc1c[nH]c2ccccc12)NC(=O)c1ccccc1Br
CHEMBL438,Cc1ccnc(NS(=O)(=O)c2ccc(N)cc2)n1
CHEMBL439,Nc1ccc(S(=O)(=O)Nc2ncccn2)cc1
CHEMBL440,C=CCC1(C(C)CCC)C(=O)NC(=S)NC1=O
CHEMBL7158,O=C1C(=O)N(Cc2ccccc2)CC1c1ccccc1
CHEMBL267926,CC1(C)CC(C)(C)c2cc(N/C(S)=N/c3ccc([N+](=O)[O-])cc3)ccc2O1
CHEMBL7211,CCCc1cc(=O)oc2c(C(=O)[C@@H](C)[C@H](C)O)c(O)c3c(c12)OC(C)(C)C=C3
CHEMBL7212,COc1ccc2c(c1NC(=S)NC(=O)c1ccc([N+](=O)[O-])cc1)C(C)(C)COC2(C)C
CHEMBL7515,CCCCN(CCCC)CCC(O)c1c2ccccc2nc2ccccc12
CHEMBL7527,CCCCCCC(C(=O)O)n1cnc2cc(-c3ccccc3S(=O)(=O)O)ccc21
CHEMBL7366,COC(=O)c1ccc(C(=O)Oc2ccc3c(c2)OC(C)(C)C=C3C)cc1
CHEMBL7586,Nc1nc(N)c2c(n1)CCC(Cc1ccsc1)C2
CHEMBL412898,CCOc1ccc(C(=O)Oc2ccc3[nH]c(C(=O)c4cc5ccccc5[nH]4)cc3c2)cc1
CHEMBL267679,CCCc1cc(=O)oc2c3c(c4c(c12)OC(C)(C)C=C4)O[C@H](C)C(C)(C)[C@H]3O
CHEMBL7614,Cc1ccc(-c2nnc3nc4ccccc4n3c2O)s1
CHEMBL7698,COc1ccc(-c2nnc3nc4ccccc4n3c2O)cc1
CHEMBL268799,Clc1ccc(N2CCN(Cc3c[nH]c4ccccc34)CC2)cc1
CHEMBL7734,Oc1cc2c(cc1OCCc1ccccc1)OCC2
CHEMBL7745,CCCc1cc2c(c(C)c1O)CCO2
CHEMBL267207,Nc1nc(N)c2c(n1)CCC(Cc1cccs1)C2
CHEMBL7535,Nc1nc(N)c2c(n1)CCC(c1ccccc1)C2
CHEMBL7760,CCCc1cc(=O)oc2c3c(c4c(c12)OC(C)(C)C=C4)O[C@H](C)C(C)(C)[C@@H]3O
CHEMBL269550,CCOC(=O)C1=C(O)C(=O)N(Cc2ccccc2)C1
CHEMBL267853,Clc1ccc(N2CCN(Cc3cnc4ncccn34)CC2)cc1
CHEMBL7686,Clc1ccc(N2CCN(Cc3cnc4ccccn34)CC2)cc1
CHEMBL266519,CC(C)C(=O)N(c1ccccc1)[C@H]1CCC2C3CC[C@H]4N(C)C(=O)CC[C@]4(C)C3CC[C@@]21C
CHEMBL7757,O=C(c1cc2ccccc2[nH]1)c1cc2cc(OCCCCI)ccc2[nH]1
CHEMBL7653,CN(C)CCCOc1ccc2[nH]c(C(=O)c3cc4ccccc4[nH]3)cc2c1
CHEMBL427829,Oc1nc(-c2ccco2)nc2ncccc12
CHEMBL441,CCCC(C)C1(CC)C(=O)NC(=S)NC1=O
CHEMBL7633,CCCc1cc(=O)oc2c3c(c4c(c12)OC(C)(C)C=C4)O[C@H](CC)[C@@H](C)C3=O
CHEMBL266748,CCCc1cc(=O)oc2c3c(c4c(c12)OC(C)(C)C=C4)OC[C@H](C)C3=O
CHEMBL7779,Cc1cccc(CC2CCc3nc(N)nc(N)c3C2)c1
CHEMBL414210,O=C(Oc1ccc2[nH]c(C(=O)c3cc4ccccc4[nH]3)cc2c1)c1ccc2ccccc2n1
CHEMBL7458,CN(C)C(=O)C1(C)NC(=O)c2ccccc2N1
CHEMBL266576,CNc1ncc(C#CC[C@H](NS(=O)(=O)c2ccc3ccccc3c2)C(=O)N(C)C2CCCC2)cn1
CHEMBL7517,Oc1cc2c(cc1Sc1ccncc1)OCC2
CHEMBL7518,CC[C@H](C)[C@H](NC(=O)c1ccccc1Br)C(=O)O
CHEMBL268557,C[C@H](NC(=O)c1ccccc1Br)C(=O)O
CHEMBL7419,CC1(C(=O)NCc2cccnc2)NC(=O)c2ccccc2N1
CHEMBL451241,O=C(Oc1ccc2[nH]c(C(=O)c3cc4ccccc4[nH]3)cc2c1)c1ccc([N+](=O)[O-])cc1
CHEMBL7367,O=C(c1cc2ccccc2[nH]1)c1cc2cc(OC(=O)c3ccccc3Cl)ccc2[nH]1
CHEMBL7600,COCC(=O)Oc1ccc2[nH]c(C(=O)c3cc4ccccc4[nH]3)cc2c1
CHEMBL266552,CCCc1cc(=O)oc2c3c(c4c(c12)OC(C)(C)C=C4)OC(C)(C)[C@H](C)[C@H]3O
CHEMBL7964,CNc1ccc(C#CC[C@H](NS(=O)(=O)c2ccc3ccccc3c2)C(=O)N(C)C2CCCC2)cn1
CHEMBL267868,Cc1ccc(-c2nnc3nc4ccccc4n3c2O)cc1
CHEMBL267867,Oc1cc2c(cc1Sc1cccnc1)OCC2
CHEMBL7752,COC(OC)C1(C)NC(=O)c2ccccc2N1
CHEMBL7408,CN1C(=O)c2cccnc2NC1c1cccnc1
CHEMBL7666,CC(=O)Oc1ccccc1C(=O)Oc1ccc2[nH]c(C(=O)c3cc4ccccc4[nH]3)cc2c1
CHEMBL7571,CC(C)(C)C1CCc2nc(N)nc(N)c2C1
CHEMBL7572,CC(=O)Oc1ccc2[nH]c(C(=O)c3cc4ccccc4[nH]3)cc2c1
CHEMBL7573,CCOC(=O)c1ccc(N/C(S)=N/c2ccc3c(c2)C(C)(C)CC(C)(C)O3)cc1
CHEMBL269576,Clc1ccc(N2CCN(Cc3cnn4c3ccc3ccccc34)CC2)cc1
CHEMBL7123,OCCCc1cc2c(cc1O)CCO2
CHEMBL269358,NC(CCC(=O)NC1(C(=O)O)CCCC1)C(=O)O
CHEMBL7098,Cn1c2ccccc2n2c(=O)c(-c3ccco3)nnc12
CHEMBL7493,COc1ccc(-c2nnc3n(C)c4ccccc4n3c2=O)cc1
CHEMBL268164,CCC1(C2=CCCCC2)C(=O)NC(=O)NC1=O
CHEMBL269487,CN(C(=O)[C@H](CC#Cc1ccc(CN)cc1)NS(=O)(=O)c1ccc2ccccc2c1)C1CCCC1
CHEMBL7701,OC[C@H]1CC[C@H]([C@@H](O)CO)O1
CHEMBL8164,COc1ccc2[nH]c(C(=O)c3cc4ccccc4o3)cc2c1
CHEMBL8165,COc1ccc2[nH]cc(CCN)c2c1
CHEMBL38,CC1=C(/C=C/C(C)=C/C=C/C(C)=C/C(=O)O)C(C)(C)CCC1
CHEMBL7718,CC(C)(C)/N=C(\NC#N)Nc1cccc(/C(=C/CCCC(=O)O)c2cccnc2)c1
CHEMBL7925,Cn1c2ccccc2n2c(=O)c(-c3ccc(Cl)cc3)nnc12
CHEMBL273657,COc1ccc(-c2nnc3nc4ccccc4n3c2O)cc1OC
CHEMBL7796,c1ccc2c(C3CO3)c3ccccc3nc2c1
CHEMBL7791,O=C1c2ccc(OCc3ccccc3)cc2CCC1CC(=O)N1CCC(c2ccccc2)CC1
CHEMBL39,NCCc1c[nH]c2ccc(O)cc12
CHEMBL7399,CCCc1cc2c(cc1O)CCO2
CHEMBL7413,C=CCC1(C(C)C#CCC)C(=O)NC(=O)N(C)C1=O
CHEMBL40,CCC1(c2ccccc2)C(=O)NC(=O)NC1=O
CHEMBL7759,CN(C)c1nc2ccc(Cl)cc2c2nc(-c3ccco3)nn12
CHEMBL7761,O=C(N[C@@H](CO)C(=O)O)c1ccccc1Br
CHEMBL266325,CCCC(=O)Oc1ccc2[nH]c(C(=O)c3cc4ccccc4[nH]3)cc2c1
CHEMBL41,CNCCC(Oc1ccc(C(F)(F)F)cc1)c1ccccc1
CHEMBL9548,O=C1NC(c2ccc([N+](=O)[O-])cc2)Nc2ncccc21
CHEMBL7450,CN(C(=O)[C@H](CC#Cc1ccc(NN)cc1)NS(=O)(=O)c1ccc2ccccc2c1)C1CCCC1
CHEMBL7476,CCCCCCCCCCCC[C@@H](O)[C@H]1CC[C@H](CO)O1
CHEMBL269588,CCCc1cc2c(c(C(C)(C)C)c1O)CCO2
CHEMBL7477,CCCc1cc2c(c(Br)c1O)CCO2
CHEMBL266116,Cc1c(O)c(CCCSc2ccccc2)cc2c1CCO2
CHEMBL7157,O=C(Cc1cccs1)Oc1ccc2[nH]c(C(=O)c3cc4ccccc4[nH]3)cc2c1
CHEMBL7379,CCCc1[nH]c2ccc(OC)cc2c1CCN(C)C
CHEMBL7257,COc1ccc2[nH]cc(CCN(C)C)c2c1
CHEMBL7297,O=C(N[C@@H](Cc1c[nH]c2ccccc12)C(=O)NO)c1ccccc1Br
CHEMBL7308,O=C(N[C@@H](Cc1c[nH]c2ncccc12)C(=O)O)c1ccccc1Br
CHEMBL268585,O=S(=O)(CC[C@@H](O)[C@H]1CC[C@H](COCc2ccccc2)O1)c1ccccc1
CHEMBL7228,COc1ccc2[nH]c3c(c2c1)C(CN(C)C)CCC3
CHEMBL7172,COc1ccc2c(c1)c(CCN(C)C)c1n2CCCC1
CHEMBL7505,CN1CCN(Cc2cnn3ccccc23)CC1
CHEMBL7506,Clc1ccccc1N1CCN(Cc2cnn3ccccc23)CC1
CHEMBL266487,O=C1NC(=O)C(c2c[nH]c3ccccc23)=C1c1c[nH]c2ccccc12
CHEMBL7442,Clc1ccc(N2CCN(Cc3cnn4c3CCCC4)CC2)cc1
CHEMBL7443,O=C1NC(c2ccccc2)Nc2ncccc21
CHEMBL415485,CC(=O)[C@H]1O[C@@H](Oc2ccc(/C=C(\C)C(=O)N[C@H]3C4OC(C5OCOC54)[C@H]3O)cc2O)[C@@H](O)[C@@H]1O
CHEMBL267014,Clc1ccc(N2CCN(Cc3c[nH]c4ncccc34)CC2)cc1
CHEMBL443,Cc1cc(NS(=O)(=O)c2ccc(N)cc2)no1
CHEMBL269587,CCCCCCC(C(=O)O)n1cnc(NC(=O)c2ccccc2S(=O)(=O)O)c1
CHEMBL7463,CN(C)CCCn1cc(C2=C(c3c[nH]c4ccccc34)C(=O)NC2=O)c2ccccc21
CHEMBL267415,Nc1nc2ccccc2c2nc(-c3ccco3)nn12
CHEMBL7145,COC(=O)Cc1ccc(OCCCOc2cc3c(cc2O)CCO3)cc1
CHEMBL266052,COC(=O)c1ccc(OCCCOc2cc3c(cc2O)CCO3)cc1
CHEMBL268550,Nc1nc2ccc(O)cc2c2nc(-c3ccco3)nn12
CHEMBL266496,COc1ccc2[nH]cc(C[C@H](NC(=O)c3ccccc3Br)C(=O)O)c2c1
CHEMBL444,CCC1(CC)C(=O)NC(=O)NC1=O
CHEMBL269785,CC(C)Nc1nc2ccc(Cl)cc2c2nc(-c3ccco3)nn12
CHEMBL7582,CC(C)(C)Nc1nc2ccc(Cl)cc2c2nc(-c3ccco3)nn12
CHEMBL266551,CN(C(=O)[C@H](CC#Cc1ccc(N)c(N)c1)NS(=O)(=O)c1ccc2ccccc2c1)C1CCCC1
CHEMBL42,CN1CCN(C2=Nc3cc(Cl)ccc3Nc3ccccc32)CC1
CHEMBL445,CNCCC=C1c2ccccc2CCc2ccccc21
CHEMBL267693,CCCc1cc(=O)oc2c3c(c4c(c12)OC(C)(C)C=C4)O[C@H](CC)[C@@H](C)[C@H]3O
CHEMBL7109,O=C1NC(c2cccnc2)Nc2[nH]cnc21
CHEMBL446,Cc1cc(C)nc(NS(=O)(=O)c2ccc(N)cc2)n1
CHEMBL7168,N=C(N)NCCC[C@H](NC(=O)c1ccccc1Br)C(=O)O
CHEMBL267470,Oc1ccc2c(c1CCCNc1ccccc1)CCO2
CHEMBL267015,COc1ccc2nc(N)n3nc(-c4ccco4)nc3c2c1
CHEMBL7632,CCCCc1nc2ccccc2n1Cc1ccc(-c2ccccc2C(=O)O)cc1
CHEMBL267208,CCCc1cc(=O)oc2c3c(c4c(c12)OC(C)(C)C=C4)O[C@H](CC)[C@H](C)[C@@H]3O
CHEMBL7660,O=C1CCN(c2ccccc2)N1
CHEMBL7675,Oc1cc2c(cc1SCc1ccccc1)OCC2
CHEMBL267158,O=C(N[C@@H](Cc1c[nH]c2ccc(F)cc12)C(=O)O)c1ccccc1Br
CHEMBL267501,O=C(N[C@@H](Cc1c[nH]c2ccc(Br)cc12)C(=O)O)c1ccccc1Br
CHEMBL7558,O=C1NC(c2cccnc2)Nc2ccccc21
CHEMBL268639,CCN(CC)c1ncnc2c1ncn2Cc1ccccc1
CHEMBL7504,Cn1cnc2c(ncn2Cc2ccccc2)c1=O
CHEMBL7554,CN(Cc1cnc2nc(N)nc(N)c2n1)c1ccc(C(=O)NC(CN)C(=O)O)cc1.O=C(O)C(F)(F)F.O=C(O)C(F)(F)F
CHEMBL7529,CCOC(=O)/C=C(C)/C=C/C=C(C)/C=C/C1=CC2CCC1C2
CHEMBL267056,CCCCc1nc2c(=O)[nH][nH]c(=O)c2n1Cc1ccc(-c2ccccc2-c2nn[nH]n2)cc1
CHEMBL266592,CC(C)c1cc2c(cc1O)CCO2
CHEMBL7687,O=C(O)Cc1ccc(OCCCOc2cc3c(cc2O)CCO3)cc1
CHEMBL412900,Oc1cc2c(cc1Cc1ccccc1)OCC2
CHEMBL7547,Nc1ccc(C2NC(=O)c3cccnc3N2)cc1
CHEMBL7601,C=CCc1cc2c(c(C)c1O)CCO2
CHEMBL269112,Oc1c(-c2cccs2)nnc2nc3ccccc3n12
CHEMBL7664,O=C(O)CNC(=O)c1ccccc1Br
CHEMBL268669,O=C(N[C@@H](Cc1c[nH]c2ccccc12)C(=O)O)c1ccccc1Br
CHEMBL267156,O=C(N[C@@H](CCc1ccccc1)C(=O)O)c1ccccc1Br
CHEMBL7861,O=C(N[C@H](Cc1c[nH]c2ccccc12)C(=O)O)c1ccccc1Br
CHEMBL8122,CN(C(=O)[C@H](CC#Cc1ccc(N)cc1)NS(=O)(=O)c1ccc2ccccc2c1)C1CCCC1
CHEMBL415307,OC(CN1CCCCC1)c1c2ccccc2nc2ccccc12
CHEMBL275295,CC(C)(C)c1c(O)ccc2c1CCO2
CHEMBL7840,CCCc1cc(=O)oc2c3c(c4c(c12)OC(C)(C)C=C4)O[C@H](CC)[C@@H](C)[C@@H]3O
CHEMBL269062,CCCc1cc(=O)oc2c3c(c4c(c12)OC(C)(C)C=C4)OC[C@H](C)[C@H]3O
CHEMBL7377,O=C(N[C@@H](Cc1c[nH]c2cc(F)ccc12)C(=O)O)c1ccccc1Br
CHEMBL7279,O=C(N[C@@H](Cc1ccccc1)C(=O)O)c1ccccc1Br
CHEMBL7280,O=C(N[C@H](CO)C(=O)O)c1ccccc1Br
CHEMBL266267,CCC(C)Nc1nc2ccc(Cl)cc2c2nc(-c3ccco3)nn12.CS(=O)(=O)O
CHEMBL7140,O=C(N[C@@H](Cc1c[nH]cn1)C(=O)O)c1ccccc1Br
CHEMBL269359,CCCc1cc(=O)oc2c3c(c4c(c12)OC(C)(C)C=C4)O[C@H](C(C)C)[C@@H](C)[C@H]3O
CHEMBL266921,CCCc1cc(=O)oc2c3c(c4c(c12)OC(C)(C)C=C4)O[C@H](C(C)C)[C@@H](C)[C@@H]3O
CHEMBL268166,CN1C(=O)c2cccnc2NC1c1ccco1
CHEMBL7387,O=C1NC(c2cccnc2)Nc2ncccc21
CHEMBL269486,O=C1NC(c2cc(Br)co2)Nc2ncccc21
CHEMBL267892,CSCC[C@H](NC(=O)c1ccccc1Br)C(=O)O
CHEMBL7576,CC(C)[C@H](NC(=O)c1ccccc1Br)C(=O)O
CHEMBL266093,CC(C)C[C@H](NC(=O)c1ccccc1Br)C(=O)O
CHEMBL7748,Nc1nc2ccc(OCc3ccccc3)cc2c2nc(-c3ccco3)nn12
CHEMBL7478,CCCCc1nc2cnnc(O)c2n1Cc1ccc(-c2ccccc2-c2nn[nH]n2)cc1
CHEMBL7267,CCCc1ccc(OCCCc2cc3c(cc2O)CCO3)cc1
CHEMBL447,C=CCC1(C(C)CCC)C(=O)NC(=O)NC1=O
CHEMBL448,CCCC(C)C1(CC)C(=O)NC(=O)NC1=O
CHEMBL7311,O=C(O)c1cccc(OCCCOc2cc3c(cc2O)CCO3)c1
CHEMBL7097,COC(=O)c1cccc(OCCCOc2cc3c(cc2O)CCO3)c1
CHEMBL7268,COCCOCCOC(=O)/C=C(C)/C=C/C=C(C)/C=C/C1=C(C)CCCC1(C)C
CHEMBL7395,CC1=C(/C=C/C(C)=C/C=C/C(C)=C/c2nn[nH]n2)C(C)(C)CCC1
CHEMBL7396,CCCCc1nc2cnnc(O)c2n1Cc1ccc(-c2ccccc2C(=O)O)cc1
CHEMBL7742,O=C(N[C@@H](Cc1cccs1)C(=O)O)c1ccccc1Br
CHEMBL7587,CNc1ccc(C#CC[C@H](NS(=O)(=O)c2ccc3c(c2)CCCC3)C(=O)N(C)C2CCCC2)cc1
CHEMBL267287,Oc1ccc2c(c1CCCSCc1cccnc1)CCO2
CHEMBL7647,Oc1ccc2c(c1CCCSc1ccccc1)CCO2
CHEMBL267288,CCOc1ccc2[nH]c(C(=O)c3cc4ccccc4[nH]3)cc2c1
CHEMBL7726,O=C1c2ccc(OCc3ccncc3)cc2CCC1CCN1CCC(c2ccccc2)CC1
CHEMBL7465,O=C1c2ccc(OCc3ccccn3)cc2CCC1CCN1CCC(c2ccccc2)CC1
CHEMBL7466,O=C(N[C@@H](Cc1ccc(O)cc1)C(=O)O)c1ccccc1Br
CHEMBL269551,O=C(N[C@H](Cc1ccccc1)C(=O)O)c1ccccc1Br
CHEMBL7608,Oc1c(-c2ccco2)nnc2nc3ccccc3n12
CHEMBL553108,CCCc1ccc(S(=O)(=O)N[C@@H](CC#Cc2ccc(NC)cc2)C(=O)N(C)C2CCCC2)cc1
CHEMBL267514,CCCCN(CCCC)CC(O)c1ccc2ncc3ccccc3c2c1
CHEMBL7735,O=C(c1cc2ccccc2[nH]1)c1cc2cc(O)ccc2[nH]1
CHEMBL267515,O=C1NC(c2ccco2)Nc2ncccc21
CHEMBL266547,OCCc1cccc(OCCCc2cc3c(cc2O)CCO3)c1
CHEMBL7142,Cn1c2ccccc2n2c(=O)c(-c3cccs3)nnc12
CHEMBL7327,Oc1ccc(-c2nnc3nc4ccccc4n3c2O)cc1
CHEMBL7334,Oc1ccc(-c2nnc3nc4ccccc4n3c2O)cc1O
CHEMBL7335,O=C(N[C@@H](CS)C(=O)O)c1ccccc1Br
CHEMBL7568,CCN(CC)CCCC(C)Nc1c2ccc(Cl)cc2nc2ccc(OC)cc12
CHEMBL7697,CCC(=O)Oc1ccc2[nH]c(C(=O)c3cc4ccccc4[nH]3)cc2c1
CHEMBL7727,C=CCc1cc2c(cc1O)CCO2
CHEMBL7926,O=C(O)c1ccccc1OCCCOc1cc2c(cc1O)CCO2
CHEMBL269202,Clc1cccc(N2CCN(Cc3cnn4ccccc34)CC2)c1
CHEMBL7927,Clc1ccc(N2CCN(Cc3cnn4ccccc34)CC2)cc1
CHEMBL273860,c1ccc(N2CCN(Cc3cnn4ccccc34)CC2)cc1
CHEMBL7369,CCCCc1nc2cnn(C)c(=O)c2n1Cc1ccc(-c2ccccc2C(=O)O)cc1
CHEMBL7432,CN(C)CC(=O)Oc1ccc2[nH]c(C(=O)c3cc4ccccc4[nH]3)cc2c1
CHEMBL267894,CCC1(CCC(C)C)C(=O)NC(=O)NC1=O
CHEMBL7728,CN1C(=O)NC(=O)C(C)(C2=CCCCC2)C1=O
CHEMBL7685,COC(=O)c1ccccc1OCCCOc1cc2c(cc1O)CCO2
CHEMBL7621,CN(C(=O)[C@H](CC#Cc1cnc(N)nc1)NS(=O)(=O)c1ccc2ccccc2c1)C1CCCC1
CHEMBL7682,C[C@]12CCC3C4CCC(=O)C=C4CCC3C1CC[C@@]2(O)C#CCCBr
CHEMBL7683,CN(C)c1ncnc2c1ncn2CCc1ccccc1
CHEMBL7583,c1ccc(Cn2cnc3c(NC4CC4)ncnc32)cc1
CHEMBL266053,Oc1cc2c(cc1CCCOc1ccccc1)OCC2
CHEMBL7475,CCCCC/C=C/CC1OC1C/C=C\C/C=C\CCCC(=O)O
CHEMBL7353,CCCCCNC(=O)NS(=O)(=O)c1cc([N+](=O)[O-])ccc1NC1CCCCC1
CHEMBL266919,CCNc1ncnc2c1ncn2Cc1ccccc1
CHEMBL415300,CN1CCN(C2=Nc3ccccc3Nc3ccc(Cl)cc32)CC1
CHEMBL7713,COc1cccc(Nc2ccc(NC(=O)C3CC3)cc2)c1
CHEMBL269294,O=C(N[C@H](Cc1ccc2ccccc2c1)C(=O)O)c1ccccc1Br
CHEMBL7778,O=C(N[C@@H](Cc1cccc2ccccc12)C(=O)O)c1ccccc1Br
CHEMBL7909,Cn1c2ccccc2n2c(=O)c(-c3ccccc3)nnc12
CHEMBL7953,Oc1c(-c2ccsc2)nnc2nc3ccccc3n12
CHEMBL7874,COc1cccc(Nc2ccc(NC(=O)C(C)C)cc2)c1
CHEMBL275697,CN(C)c1ncnc2c1ncn2Cc1cccc(Cl)c1
CHEMBL7516,Cc1cccc(Cn2cnc3c(N(C)C)ncnc32)c1
CHEMBL7333,CCCCCCCC(=O)c1c(O)cc(C)oc1=O
CHEMBL267653,O=C(N[C@H](Cc1cccc2ccccc12)C(=O)O)c1ccccc1Br
CHEMBL449,CCC(C)C1(CC)C(=O)NC(=O)NC1=O
CHEMBL269064,NC(=O)C[C@H](NC(=O)c1ccccc1Br)C(=O)O
CHEMBL7266,Nc1nc2ccc(Cl)cc2c2nc(-c3ccc(Br)o3)nn12
CHEMBL268615,CS(=O)(=O)O.Nc1nc2ccc(Cl)cc2c2nc(-c3ccoc3)nn12
CHEMBL7141,CN(C)c1ncnc2c1ncn2Cc1cccc(F)c1
CHEMBL7100,NC(=O)CC[C@H](NC(=O)c1ccccc1Br)C(=O)O
CHEMBL7128,Oc1c(-c2ccc(Cl)cc2)nnc2nc3ccccc3n12
CHEMBL268845,O=C(O)CC[C@H](NC(=O)c1ccccc1Br)C(=O)O
CHEMBL7470,CNC(=O)NCC(NC(=O)c1ccc(N(C)Cc2cnc3nc(N)nc(N)c3n2)cc1)C(=O)O
CHEMBL266777,Oc1cc2c(cc1CCCOc1ccc(F)cc1)OCC2
CHEMBL7863,C=CCC1(C(C)C)C(=O)NC(=O)NC1=O
CHEMBL450,CCC1(CC)C(=O)NC(=O)N(C)C1=O
CHEMBL268102,CN(C)c1ncnc2c1ncn2C(c1ccccc1)c1ccccc1
CHEMBL7793,CN(C)c1ncnc2c1ncn2C1Cc2ccccc2C1
CHEMBL7579,CN(C)c1ncnc2c1ncn2C1CCCc2ccccc21
CHEMBL267209,NC(CCC(=O)Nc1ccc(O)cc1)C(=O)O
CHEMBL268431,CS(=O)(=O)O.Nc1nc2ccc(Cl)cc2c2nc(-c3ccco3)nn12
CHEMBL267719,C=CCC1(CC=C)C(=O)NC(=O)NC1=O
CHEMBL7291,OCCNc1ncnc2c1ncn2Cc1ccccc1
CHEMBL267242,c1ccc(Cn2cnc3cncnc32)cc1
CHEMBL7229,CCCC(=O)Nc1ccc(Nc2cccc(OC)c2)cc1
CHEMBL7215,CCC(=O)Nc1ccc(Nc2cccc(OC)c2)cc1
CHEMBL268165,COc1cccc(Nc2ccc(NC(C)=O)cc2)c1
CHEMBL7521,NC(CCC(=O)Nc1ccccc1O)C(=O)O
CHEMBL8136,CNc1nc2ccc(Cl)cc2c2nc(-c3ccco3)nn12
CHEMBL8149,O=C(N[C@@H](Cc1c[nH]c2ccc(O)cc12)C(=O)O)c1ccccc1Br
CHEMBL276250,CN(C)c1ncnc2c1ncn2CCCc1ccccc1
CHEMBL8194,COC1=C/C(=C\C(=O)C(=O)O)OC(O)=C1
CHEMBL8134,CCCCCOC(=O)C(=O)/C=C1\C=C(OC)C=C(O)O1
CHEMBL451,CNC1=Nc2ccc(Cl)cc2C(c2ccccc2)=[N+]([O-])C1
CHEMBL7560,COc1ccc2c(c1)CCC(CCN1CCC(c3ccccc3)CC1)C2=O
CHEMBL7561,O=C(O)C[C@H](NC(=O)c1ccccc1Br)C(=O)O
CHEMBL8180,CCCCOC(=O)C(=O)/C=C1\C=C(OC)C=C(O)O1
CHEMBL7129,CCCCCCCCCc1cc(OC)cc(=O)o1
CHEMBL7684,CN(Cc1cnc2nc(N)nc(N)c2n1)c1ccc(C(=O)NC(CCNC(N)=O)C(=O)O)cc1
CHEMBL7255,Oc1cnnc2nc3ccccc3n12
CHEMBL7269,Cc1nnc2nc3ccccc3n2c1O
CHEMBL268586,Oc1ccc2c(c1CCCOc1ccccc1)CCO2
CHEMBL7112,NCCCC[C@H](NC(=O)c1ccccc1Br)C(=O)O
CHEMBL7113,Oc1c(-c2ccccc2)nnc2nc3ccccc3n12
CHEMBL7471,CCC(NC(=O)CCC(N)C(=O)O)C(=O)O
CHEMBL266349,N=C(N)c1ccc(CNC(=O)[C@@H]2CCN2C(=O)[C@H](NCC(=O)O)C2CCCCC2)cc1
CHEMBL7445,OCCCc1c(O)ccc2c1CCO2
CHEMBL7595,CCCCC/C=C/CC(O)C(O)C/C=C\C/C=C\CCCC(=O)O
CHEMBL7596,NC(CCC(=O)N1CSCC1C(=O)O)C(=O)O
CHEMBL7730,NC(CCC(=O)Nc1cccc(O)c1)C(=O)O
CHEMBL268867,OCCNc1nc2ccc(Cl)cc2c2nc(-c3ccco3)nn12
CHEMBL266094,Nc1ncnc2c1ncn2Cc1ccccc1
CHEMBL7657,Oc1cc2c(cc1CCCNc1ccccc1)OCC2
CHEMBL7552,N#Cc1ccc(C[C@H](NC(=O)c2ccccc2Br)C(=O)O)cc1
CHEMBL452,O=C1CN=C(c2ccccc2Cl)c2cc([N+](=O)[O-])ccc2N1
CHEMBL7738,CCOC(=O)C(=O)/C=C1\C=C(OC)C=C(O)O1
CHEMBL7474,CC(=O)Oc1cccc(Cn2cnc3c(N(C)C)ncnc32)c1
CHEMBL7293,CN(C)c1ncnc2c1ncn2Cc1cccc(O)c1
CHEMBL7952,CCCCCCCc1cc(OC)cc(=O)o1
CHEMBL7897,CS(=O)(=O)O.Cn1c(=N)n2nc(-c3ccco3)nc2c2ccccc21
CHEMBL414023,Oc1nc2ccc(Cl)cc2c2nc(-c3ccco3)nn12
CHEMBL274302,COCCOc1cc2c(cc1O)CCO2
CHEMBL7711,OCCc1ccccc1OCCCc1cc2c(cc1O)CCO2
CHEMBL7507,CC(C)(C)c1cc2c(cc1O)CCO2
CHEMBL7508,Ic1ccc(N2CCN(Cc3cnn4ccccc34)CC2)cc1
CHEMBL7424,CCCCCCCCCCCc1cc(O)cc(=O)o1
CHEMBL7309,CCCCCCCc1cc(O)cc(=O)o1
CHEMBL269760,CCCCOc1cc2c(cc1O)CCO2
CHEMBL453,Cc1noc(NS(=O)(=O)c2ccc(N)cc2)c1C
CHEMBL7431,CCCCc1nc2cnncc2n1Cc1ccc(-c2ccccc2C(=O)O)cc1
CHEMBL7441,O=C(c1cnn2ccccc12)N1CCN(c2ccc(Cl)cc2)CC1
CHEMBL268190,c1ccn2ncc(CN3CCN(C4CCCCC4)CC3)c2c1
CHEMBL266723,CN1CCN(C2=Nc3cc(Cl)ccc3N(C)c3ccccc32)CC1
CHEMBL7430,CN1CCC(C2=Cc3cc(Cl)ccc3Cc3ccccc32)CC1
CHEMBL7197,COC(=O)N[C@@H](C(=O)N1CCC[C@H]1C(=O)NCC#Cc1c[nH]cn1)C(c1ccccc1)c1ccccc1
CHEMBL7729,CN(c1ncnc2c1ncn2Cc1ccccc1)C1CCCC1
CHEMBL7446,COc1ncnc2c1ncn2Cc1ccccc1
CHEMBL269319,CCCCCC1OC1C/C=C\C/C=C\C/C=C\CCCC(=O)O
CHEMBL7514,CCCCCC(O)C(O)C/C=C\C/C=C\C/C=C\CCCC(=O)O
CHEMBL266816,CC1CCN(C2=Cc3ccccc3Cc3ccc(Cl)cc32)CC1
CHEMBL7417,O=C1NC(=O)C(c2cn(CCOCCOCCO)c3ccccc23)=C1c1c[nH]c2ccccc12
CHEMBL275514,C[C@@H](c1ccccc1)n1cnc2c(N(C)C)ncnc21
CHEMBL274148,C[C@H](c1ccccc1)n1cnc2c(N(C)C)ncnc21
CHEMBL7511,Nc1nc2ccc(Cl)cc2c2nc(C3CCCO3)nn12
CHEMBL267417,O=C(N[C@@H](Cc1ccc(-c2ccccc2)cc1)C(=O)O)c1ccccc1Br
CHEMBL269088,O=C(N[C@@H](Cc1ccc2ccccc2c1)C(=O)O)c1ccccc1Br
CHEMBL7329,O=C1NC(=O)C(c2cn(CCOCCO)c3ccccc23)=C1c1c[nH]c2ccccc12
CHEMBL7344,CN(C)c1ncnc2c1ncn2Cc1cccc(N)c1
CHEMBL7551,CS(=O)(=O)O.Nc1nc2ccc(Cl)cc2c2nc(-c3ccc[nH]3)nn12
CHEMBL7605,C[C@@H](NC(=O)c1ccccc1Br)C(=O)O
CHEMBL268869,COc1ccc(NS(=O)(=O)c2ccc(N)cc2)nn1
CHEMBL7619,Oc1cc2c(cc1Sc1ccccc1)OCC2
CHEMBL7678,Oc1cc2c(cc1SCCc1ccccc1)OCC2
CHEMBL266095,CS(=O)(=O)O.Nc1nc2ccc(Cl)cc2c2nc(-c3cccs3)nn12
CHEMBL7736,CN(C)c1ncnc2c1ncn2Cc1ccccc1N
CHEMBL7720,CN(C)c1ncnc2c1ncn2Cc1ccccc1[N+](=O)[O-]
CHEMBL7661,COc1ccccc1Cn1cnc2c(N(C)C)ncnc21
CHEMBL454,C=CCC1(CC(C)C)C(=O)NC(=O)NC1=O
CHEMBL455,CC(=O)NS(=O)(=O)c1ccc(N)cc1
CHEMBL7723,CSc1ncnc2c1ncn2Cc1ccccc1
CHEMBL267272,CCCOc1cc2c(cc1O)CCO2
CHEMBL440452,Oc1cc2c(cc1Oc1ccccc1)OCC2
CHEMBL7351,Oc1cc2c(cc1CCCOc1ccc(Cl)cc1)OCC2
CHEMBL7230,c1ccc(Cn2cnc3c(N4CCCC4)ncnc32)cc1
CHEMBL268846,CN(C)c1ncnc2c1ncn2Cc1ccccc1Cl
CHEMBL266114,Cc1ccccc1Cn1cnc2c(N(C)C)ncnc21
CHEMBL266115,C#C[C@]1(O)CCC2C3CCC4=CC(=O)CCC4C3CC[C@@]21C
CHEMBL7392,Cc1cc(-c2c(F)cc3c(=O)c(Cc4ccccc4C(=O)O)cn(C4CC4)c3c2F)cc(C)n1
CHEMBL267652,CCc1noc2c(Cl)c3c(cc12)CC(C(=O)O)O3
CHEMBL7393,CCCN1CCC[C@H](c2cccc(O)c2)C1
CHEMBL7782,Cc1ccccc1-c1noc2c(Cl)c3c(cc12)CC(C(=O)O)O3
CHEMBL7794,Cc1cc(-c2c(F)cc3c(=O)c(Cc4ccccn4)cn(C4CC4)c3c2F)cc(C)n1
CHEMBL7795,Cc1noc2c(Cl)c3c(cc12)CC(C(=O)O)O3
CHEMBL414022,Cc1cc(-c2c(F)cc3c(=O)ccn(C4CC4)c3c2F)cc(C)n1
CHEMBL7581,CN(C)c1ncnc2c1ncn2Cc1ccc(Cl)cc1
CHEMBL403464,Cc1ccc(Cn2cnc3c(N(C)C)ncnc32)cc1
CHEMBL7216,Cc1cc(-c2c(F)cc3c(=O)c(Cc4ccncc4)cn(C4CC4)c3c2F)cc(C)n1
CHEMBL266549,CCCC(=O)Nc1ccc(N(C)c2cccc(OC)c2)cc1
CHEMBL7534,Cc1cc(-c2c(F)cc3c(=O)c(Cc4ccc(O)cc4)cn(C4CC4)c3c2F)cc(C)n1
CHEMBL7239,CN(Cc1cnc2nc(N)nc(N)c2n1)c1ccc(C(=O)NC(CCN)C(=O)O)cc1.O=C(O)C(F)(F)F.O=C(O)C(F)(F)F
CHEMBL267851,CCN(C)c1ncnc2c1ncn2Cc1ccccc1
CHEMBL268822,CCCCc1nc2cnn(Cc3ccc(-c4ccccc4C(=O)OC)cc3)cc-2n1
CHEMBL266675,c1ccc(Cn2cnc3c(N4CCC4)ncnc32)cc1
CHEMBL7503,NC(CCC(=O)N1CCCC1C(=O)O)C(=O)O
CHEMBL7449,Oc1cccc(C2=CCCN3CCCCC23)c1
CHEMBL269293,CN(C)c1ncnc2c1ncn2Cc1cccc([N+](=O)[O-])c1
CHEMBL7641,CCCCc1nc2ccccc2n1Cc1ccc(-c2ccccc2-c2nn[nH]n2)cc1
CHEMBL43,COc1cc(NS(C)(=O)=O)ccc1Nc1c2ccccc2nc2ccccc12
CHEMBL268237,C[C@@H]1CC2=CC(=O)CCC2C2CC[C@@]3(C)C(CC[C@@]3(O)/C=C/I)C21
CHEMBL8193,COc1cccc(Cn2cnc3c(N(C)C)ncnc32)c1
CHEMBL268240,Oc1cccc(C2CCCN3CCCC23)c1
CHEMBL8074,Oc1cccc([C@@H]2CCCN3CCCC23)c1
CHEMBL269395,CN(C)c1ncnc2c1ncn2Cc1ccc(F)cc1
CHEMBL7797,CC1(c2ccccc2)Cc2cc(OCC(=O)O)c(Cl)c(Cl)c2C1=O
CHEMBL267041,CCC1=C(/C=C/C(C)=C/C=C/C(C)=C/C(=O)O)C(C)(C)CCC1
CHEMBL7706,CCCCCCCCCc1cc(O)cc(=O)o1
CHEMBL7553,CN(C)c1ncnc2c1ncn2Cc1cccc(OC(=O)C(C)(C)C)c1
CHEMBL7709,O=C(/C=C/c1cccc(Cl)c1)c1ccc(O)cc1
CHEMBL7721,O=C(/C=C/c1ccc(Cl)c(Cl)c1)c1ccc(O)cc1
CHEMBL7806,CCCN(CCc1ccsc1)C1CCc2c(O)cccc2C1
CHEMBL269138,CCCCCCCC(=O)c1c(O)cc(CCCCCCC)oc1=O
CHEMBL7881,CN(C)c1ncnc2c1ncn2Cc1cccc(CO)c1
CHEMBL7944,Clc1ncnc2c1ncn2Cc1ccccc1
CHEMBL7710,CCOC(=O)C1Cc2cc3c(-c4ccccc4F)noc3c(Cl)c2O1
CHEMBL7860,CS(=O)(=O)N[C@H](CC1CCCCC1)C(=O)N1CCC[C@H]1C(=O)NCc1ccc(C(=N)N)cc1
CHEMBL8120,Oc1cccc(C2CCC3CCCCN3C2)c1
CHEMBL269574,NC(CCC(=O)NCCCC(=O)O)C(=O)O
CHEMBL268404,CN(C)c1ncnc2c1ncn2Cc1cccc(I)c1
CHEMBL7800,CN(C)c1ncnc2c1ncn2Cc1cccc(C(F)(F)F)c1
CHEMBL7801,Oc1c(-c2cccc(Cl)c2)cnc2ccccc12
CHEMBL7866,COC(=O)Cn1cc(-c2cccc(Cl)c2)c(=O)c2c(O)cc(OC)cc21
CHEMBL7867,CCCC(=O)Nc1ccc(Cc2cccc(OC)c2)cc1
CHEMBL7803,O=C(/C=C/c1cc(F)ccc1F)c1ccc(O)cc1
CHEMBL429405,NC(Cc1ccc(N(CCCl)CCCl)cc1)C(=O)O
CHEMBL7656,CN(C(=O)[C@H](Cc1ccc(C(=N)N)cc1)NS(=O)(=O)c1ccc2ccccc2c1)C1CCCC1
CHEMBL7823,CN(C)c1ncnc2c1ncn2-c1ccccc1
CHEMBL7896,CN(C)c1ncnc2c1ncn2Cc1cccc(Br)c1
CHEMBL7852,CCCCCC(=O)c1c(O)cc(CCCCC)oc1=O
CHEMBL7825,CCCCCCCCCC(=O)c1c(O)cc(C)oc1=O
CHEMBL456,C=C(CC)C(=O)c1ccc(OCC(=O)O)c(Cl)c1Cl
CHEMBL44,O=c1c(-c2ccc(O)cc2)coc2cc(O)cc(O)c12
CHEMBL7977,CN(C)c1ncnc2c1ncn2C
CHEMBL7978,CN(C)c1ncnc2c1ncn2Cc1ccc(O)cc1
CHEMBL267866,CN(C)c1ncnc2c1ncn2Cc1ccc(N)cc1
CHEMBL7777,CCCCCc1cc(O)cc(=O)o1
CHEMBL266817,COc1ccc(Cn2cnc3c(N(C)C)ncnc32)cc1
CHEMBL7340,O=C(O)C1Cc2cc3c(-c4ccc(F)cc4)noc3c(Cl)c2O1
CHEMBL267654,O=C(O)C1Cc2cc3c(-c4cccs4)noc3c(Cl)c2O1
CHEMBL7635,CC(=O)Nc1ccc(Cn2cnc3c(N(C)C)ncnc32)cc1
CHEMBL451242,CS(=O)(=O)N[C@@H](C(=O)N1CCC[C@H]1C(=O)NCc1ccc(C(=N)N)cc1)C1CCCCC1
CHEMBL268891,O=C(O)C1Cc2cc3c(-c4ccccc4F)noc3c(Cl)c2O1
CHEMBL7962,CN(C(=O)[C@H](Cc1ccc(C(=N)NN)cc1)NS(=O)(=O)c1ccc2ccccc2c1)C1CCCC1
CHEMBL7815,C#C[C@]1(O)CCC2C3C(CC[C@@]21C)C1CCC(=O)C=C1C[C@H]3C
CHEMBL7810,COc1cc(O)c2c(=O)c(-c3cccc(Cl)c3)cn(CCc3ccccc3)c2c1
CHEMBL7368,Cc1cc(-c2c(F)cc3c(=O)c(Cc4ccc[nH]4)cn(C4CC4)c3c2F)cc(C)n1
CHEMBL7976,O=C(/C=C/c1ccccc1)c1ccccc1
CHEMBL266553,O=C(O)C1Cc2cc3c(-c4ccccc4Cl)noc3c(Cl)c2O1
CHEMBL7893,CN(C)c1ncnc2c1ncn2Cc1cccc(C#N)c1
CHEMBL7850,Oc1cccc([C@H]2CCCN3CCCC23)c1
CHEMBL429008,CCCCc1nc2ccnc(O)c2n1Cc1ccc(-c2ccccc2-c2nn[nH]n2)cc1
CHEMBL7556,CCOC(=O)Nc1ccc(N(C)c2cccc(OC)c2)cc1
CHEMBL7567,COc1cccc(N(C)c2ccc(NC(=O)C3CC3)cc2)c1
CHEMBL9350,CC(C)Cc1noc2c(Cl)c3c(cc12)CC(C(=O)O)O3
CHEMBL7618,CC(=O)Nc1ccccc1Cc1cn(C2CC2)c2c(F)c(-c3cc(C)nc(C)c3)c(F)cc2c1=O
CHEMBL7629,CN(C)c1ncnc2c1ncn2Cc1ccc(C#N)cc1
CHEMBL7716,CN(C)c1ncnc2c1ncn2Cc1ccc([N+](=O)[O-])cc1
CHEMBL7839,CCCCCCCCCCCC(=O)c1c(O)cc(C)oc1=O
CHEMBL7990,COc1cccc(N(C)c2ccc(NC(=O)C(C)C)cc2)c1
CHEMBL7991,CC(=O)Nc1ccc(Cc2cn(C3CC3)c3c(F)c(-c4cc(C)nc(C)c4)c(F)cc3c2=O)cc1
CHEMBL7769,Cc1cc(-c2c(F)cc3c(=O)c(Cc4ccccc4N)cn(C4CC4)c3c2F)cc(C)n1
CHEMBL7630,CCCCCC(=O)c1c(O)cc(C)oc1=O
CHEMBL7834,C=CC[C@]1(O)CCC2C3CCC4=CC(=O)CCC4C3CC[C@@]21C
CHEMBL266462,CN(C)c1ncnc2c1ncn2Cc1ccc(OCc2ccccc2)cc1
CHEMBL275698,O=C(O)c1cn(C2CC2)c2cc(C3CCNCC3)c(F)cc2c1=O
CHEMBL276248,O=C(O)C1Cc2cc3c(-c4ccccc4)noc3c(Cl)c2O1
CHEMBL7381,Oc1cccc(C2CCCN3CCCCC23)c1
CHEMBL7549,CCCN1CCC[C@@H](c2cccc(O)c2)C1
CHEMBL7550,CCc1nc2c(C)cc(C)nc2n1Cc1ccc(-c2ccccc2-c2nn[nH]n2)cc1
CHEMBL266293,COc1ccc(/C=C/C(=O)c2ccc(OC(=O)/C=C/c3ccccc3)cc2)cc1
CHEMBL7771,CCCC(=O)Nc1ccc(Sc2cccc(OC)c2)cc1
CHEMBL7772,CCNC(=O)Nc1ccc(Oc2cccc(OC)c2)cc1
CHEMBL7783,NC(=O)C1Cc2cc3c(-c4ccccc4F)noc3c(Cl)c2O1
CHEMBL7908,OCC1Cc2cc3c(-c4ccccc4F)noc3c(Cl)c2O1
CHEMBL7625,COC(=O)C(C)(C)CCCOc1ccc(C=O)c(OCCCC(C)(C)C(=O)OC)c1
CHEMBL7807,CCCC(=O)Nc1ccc(N(C)c2cccc3c2CCO3)cc1
CHEMBL269163,O=C(/C=C/c1ccccc1Cl)c1ccc(O)cc1
CHEMBL274303,O=C(/C=C/c1ccc(Cl)cc1Cl)c1ccc(O)cc1
CHEMBL275696,CN1CCN(C2=Cc3cc(Cl)ccc3Cc3ccccc32)CC1
CHEMBL7564,Cc1cc(-c2c(F)cc3c(=O)c(Cc4ccc(N)cc4)cn(C4CC4)c3c2F)cc(C)n1
CHEMBL440270,NC1=NC(c2cccc(F)c2)Cc2ccccc21
CHEMBL7746,COC(=O)C(C)(C)CCCOc1ccc(OCCCC(C)(C)C(=O)OC)c(/C=N/NC(N)=O)c1
CHEMBL267895,O=C(O)C(F)(Oc1ccc2cc(Br)ccc2c1)C(=O)O
CHEMBL7747,O=C(/C=C/c1ccc(O)cc1)c1ccccc1
CHEMBL276473,O=C(/C=C/c1ccccc1)c1ccc(O)cc1
CHEMBL7689,Cc1cc(-c2c(F)cc3c(=O)c(Cc4ccc(N(C)C)cc4)cn(C4CC4)c3c2F)cc(C)n1
CHEMBL7690,Cc1cc(-c2c(F)cc3c(=O)c(Cc4cccc(O)c4O)cn(C4CC4)c3c2F)cc(C)n1
CHEMBL268868,O=C1NC(=O)c2cc(Nc3ccccc3)c(Nc3ccccc3)cc21
CHEMBL7591,COC(=O)C(C)(C)CCCCCOc1ccccc1OCCCCCC(C)(C)C(=O)OC
CHEMBL7339,COc1cc(O)c2c(=O)c(-c3cccc(Cl)c3)coc2c1
CHEMBL7699,O=c1c(-c2cccc(Cl)c2)coc2cc(O)ccc12
CHEMBL7700,CCCC(=O)Nc1ccc(Oc2cccc3c2CCO3)cc1
CHEMBL7688,COC(=O)C(C)(C)CCCOc1ccccc1OCCCC(C)(C)C(=O)OC
CHEMBL8138,Cc1cc(-c2c(F)cc3c(=O)c(Cc4ccccc4CO)cn(C4CC4)c3c2F)cc(C)n1
CHEMBL268458,Cc1cc(-c2c(F)cc3c(=O)c(Cc4ccccc4O)cn(C4CC4)c3c2F)cc(C)n1
CHEMBL8200,CCCC(=O)Nc1ccc(C(=O)c2cccc(OC)c2)cc1
CHEMBL8014,O=C(/C=C/c1c(Cl)cccc1Cl)c1ccc(O)cc1
CHEMBL8015,O=C(/C=C/c1ccc(C(F)(F)F)cc1)c1ccc(O)cc1
CHEMBL266281,C=C(C)[C@H]1Cc2c(ccc(C(=O)Cc3cc(OC)c(OC)cc3OCC(=O)O)c2O)O1
CHEMBL8179,Cc1cc(-c2c(F)cc3c(=O)c(C(=O)O)cn(C4CC4)c3c2F)cc(C)n1
CHEMBL428339,Cc1cc(-c2c(F)cc3c(=O)c(Cc4c(O)cc(O)cc4O)cn(C4CC4)c3c2F)cc(C)n1
CHEMBL7640,Cc1c2c(cc3c(-c4ccccc4F)noc13)CC(C(=O)O)O2
CHEMBL7975,O=C(O)C1Cc2cc3c(-c4ccccc4F)noc3c(Br)c2O1
CHEMBL7828,CN1CCN(C2=Nc3cc(Cl)ccc3Oc3ccccc32)CC1
CHEMBL7704,Cc1cc(-c2c(F)cc3c(=O)c(-c4ccccc4)cn(C4CC4)c3c2F)cc(C)n1
CHEMBL7705,COC(=O)C(C)(C)CCCOc1cc(OC)c(OCCCC(C)(C)C(=O)OC)cc1OC
CHEMBL7939,O=C1NC(=O)c2cc(Nc3ccc(F)cc3)c(Nc3ccc(F)cc3)cc21
CHEMBL7501,COc1c2c(cc3c(-c4ccccc4F)noc13)CC(C(=O)O)O2
CHEMBL7502,O=C(O)C1Cc2cc3c(-c4ccccc4F)noc3cc2O1
CHEMBL414206,CN(Cc1cnc2nc(N)nc(N)c2n1)c1ccc(C(=O)NC(CNC(N)=O)C(=O)O)cc1
CHEMBL7531,O=C(/C=C/c1ccc(Cl)cc1)c1ccc(O)cc1
CHEMBL7352,COc1ccc(Nc2cc3c(cc2Nc2ccc(OC)cc2)C(=O)NC3=O)cc1
CHEMBL7394,COC(=O)C(C)(C)CCCOc1cccc(OCCCC(C)(C)C(=O)OC)c1
CHEMBL7821,CN1CCN(C2=Cc3ccccc3Cc3ccccc32)CC1
CHEMBL266463,COc1ccc(Cc2cn(C3CC3)c3c(F)c(-c4cc(C)nc(C)c4)c(F)cc3c2=O)cc1
CHEMBL7876,CC(=O)N(C(=O)N=[S+]([O-])(c1ccc(C)cc1)N(C)C(C)=O)c1ccc(Cl)cc1
CHEMBL266970,CCC(=O)Nc1ccc(Oc2cccc(OC)c2)cc1
CHEMBL267120,C=C(C)[C@H]1Cc2c(ccc3c2OC2COc4cc(OC)c(OC)cc4C2/C3=N/OC(C)=O)O1
CHEMBL7831,COc1ccccc1Cc1cn(C2CC2)c2c(F)c(-c3cc(C)nc(C)c3)c(F)cc2c1=O
CHEMBL7832,CCC(=O)Nc1ccc(N(C)c2cccc(OC)c2)cc1
CHEMBL7457,O=C(/C=C/c1ccc(Br)cc1)c1ccc(O)cc1
CHEMBL7575,O=C(/C=C/C=C/c1ccccc1)c1ccc(O)cc1
CHEMBL266995,Oc1cc(O)c2c(O)c(-c3cccc(Cl)c3)cnc2c1
CHEMBL429023,C=C(C)[C@H]1Cc2c(ccc3c2O[C@@H]2COc4cc(OC)c(OC)cc4[C@@H]2C3=O)O1
CHEMBL7906,COC(=O)C(C)(C)CCCOc1ccc(OCCCC(C)(C)C(=O)OC)c(OC)c1
CHEMBL440642,Cc1cc(-c2c(F)cc3c(=O)c(Cc4c(O)cccc4O)cn(C4CC4)c3c2F)cc(C)n1
CHEMBL7785,O=C(O)C1Cc2cc3c(-c4cccc(F)c4)noc3c(Cl)c2O1
CHEMBL267744,O=C(O)COc1ccc(C(=O)c2cccs2)c(Cl)c1Cl
CHEMBL7566,CC(C)(CCCOc1cc(Cl)c(OCCCC(C)(C)C(=O)O)cc1Cl)C(=O)O
CHEMBL266750,CC(C)(CCCOc1ccc(OCCCC(C)(C)C(=O)O)c(C(O)c2ccccc2)c1)C(=O)O
CHEMBL268559,COc1ccc(/C=C/C(=O)c2ccc(O)cc2)cc1
CHEMBL7973,Cc1ccc(/C=C/C(=O)c2ccc(O)cc2)cc1
CHEMBL7974,O=C(O)C1Cc2cc3c(-c4ccc(O)cc4)noc3c(Cl)c2O1
CHEMBL7967,CC1(C(=O)Nc2ccc(-c3ccccc3S(N)(=O)=O)cc2)CC(c2cccc(C(=N)N)c2)=NO1
CHEMBL7979,COC(=O)C(C)(C)CCCOc1ccc(OCCCC(C)(C)C(=O)OC)c(C(=O)c2ccccc2)c1
CHEMBL7617,CN1CCN(C2=Cc3ccccc3Cc3ccc(Cl)cc32)CC1
CHEMBL269396,CC1CCN(C2=Cc3cc(Cl)ccc3Cc3ccccc32)CC1
CHEMBL267251,Cc1cc(-c2c(F)cc3c(=O)c(Cc4c[nH]cn4)cn(C4CC4)c3c2F)cc(C)n1
CHEMBL8063,Cc1cc(-c2c(F)cc3c(=O)c(Cc4ncc[nH]4)cn(C4CC4)c3c2F)cc(C)n1
CHEMBL267976,CCCc1c(OCC(O)COc2ccc3c(=O)cc(C(=O)[O-])oc3c2CCC)ccc(C(C)=O)c1O.[Na+]
CHEMBL8168,COc1cccc(N(C)c2ccc(NC(C)=O)cc2)c1
CHEMBL8169,CCCC(=O)Nc1ccc(Cc2cccc3c2CCO3)cc1
CHEMBL8102,O=C(/C=C/c1ccc(F)cc1)c1ccc(O)cc1
CHEMBL269649,N#CC1Cc2cc3c(-c4ccccc4F)noc3c(Cl)c2O1
CHEMBL7410,CN(Cc1cnc2nc(N)nc(N)c2n1)c1ccc(C(=O)NC(CCCN)C(=O)O)cc1.O=C(O)C(F)(F)F.O=C(O)C(F)(F)F
CHEMBL7849,COC(=O)C(C)(C)CCCOc1ccc(OCCCC(C)(C)C(=O)OC)c(F)c1
CHEMBL7875,CCCC(=O)Nc1ccc(Cc2cccc3occc23)cc1
CHEMBL7960,Cc1cc(-c2c(F)cc3c(=O)c(Cc4cccc(O)c4)cn(C4CC4)c3c2F)cc(C)n1
CHEMBL7972,COc1cccc(Cc2cn(C3CC3)c3c(F)c(-c4cc(C)nc(C)c4)c(F)cc3c2=O)c1
CHEMBL7905,CC1(C(=O)Nc2ccc(-c3ccccc3S(N)(=O)=O)cc2)CC(c2ccc(Cl)c(N)c2)=NO1
CHEMBL266780,O=C(/C=C/c1ccc([N+](=O)[O-])cc1)c1ccc(O)cc1
CHEMBL269139,Cc1cc(-c2c(F)cc3c(=O)c(Cc4cc(O)ccc4O)cn(C4CC4)c3c2F)cc(C)n1
CHEMBL7877,Cc1cc(-c2c(F)cc3c(=O)c(Cc4ccc(O)cc4O)cn(C4CC4)c3c2F)cc(C)n1
CHEMBL268368,O=C1NC(=O)c2c1c1c3ccccc3[nH]c1c1[nH]c3ccccc3c21
CHEMBL7917,COc1cc2ncnc(Nc3cccc(Cl)c3)c2cc1OC
CHEMBL7827,O=c1c(-c2cccc(Cl)c2)coc2cc(O)cc(O)c12
CHEMBL7637,CCCC(=O)Nc1ccc(S(=O)(=O)c2cccc(OC)c2)cc1
CHEMBL7557,COC(=O)C(C)(C)CCCOc1cccc(OC)c1OCCCC(C)(C)C(=O)OC
CHEMBL7907,CC(C)(CCCOc1ccc(OCCCC(C)(C)C(=O)O)c([S+]([O-])c2ccccc2)c1)C(=O)O
CHEMBL7775,CN(c1ccccc1)c1cc2c(cc1Nc1ccccc1)C(=O)NC2=O
CHEMBL7885,COC(=O)C(C)(C)CCCOc1cccc(OCCCC(C)(C)C(=O)OC)c1C
CHEMBL267630,COc1cc2c(cc1OC)[C@@H]1C(=O)c3ccc4c(c3O[C@@H]1CO2)C[C@H](C(C)C)O4
CHEMBL7941,COc1cc2c(cc1OC)[C@@H]1C(=O)c3ccc4oc(C(C)C)cc4c3O[C@@H]1CO2
CHEMBL268834,C=C(C)[C@H]1Cc2c(ccc3c2OC2COc4cc(OC)c(OC)cc4C2(OC(C)=O)C3=O)O1
CHEMBL7915,C=C(C)[C@H]1Cc2c(ccc3c2OC2COc4cc(OC)c(OC)cc4C2/C3=N/OC(=O)OCC)O1
CHEMBL266993,COc1ccc(Cl)c(C2(F)C(=O)Nc3cc(Br)ccc32)c1
CHEMBL266994,COc1ccc(Cl)c(C2(F)C(=O)Nc3cc(F)ccc32)c1
CHEMBL267743,CC(C)(CCCCCOc1cccc(OCCCCCC(C)(C)C(=O)O)c1)C(=O)O
CHEMBL414212,CCCC(=O)Nc1ccc(Oc2ccccc2OC)cc1
CHEMBL7599,CCCC(=O)Nc1ccc(Oc2cccc(OC)c2)cc1
CHEMBL8094,COc1cccc(Oc2ccc(NC(C)=O)cc2)c1
CHEMBL8056,CN(CC(=O)O)C(=N)CP(=O)([O-])[O-].[Na+].[Na+]
CHEMBL8264,N=C(NCCC(=O)O)NP(=O)([O-])[O-].[Na+].[Na+]
CHEMBL8265,N=C(CP(=O)([O-])[O-])NCC(=O)O.[Na+].[Na+]
CHEMBL266969,O=C1NC(=O)c2cc(NC3CCCCC3)c(NC3CCCCC3)cc21
CHEMBL7548,CC(C)(CCOc1ccc(OCCC(C)(C)C(=O)O)c(Cl)c1)C(=O)O
CHEMBL267039,O=C(O)C1(CCCCOc2ccc(OCCCCC3(C(=O)O)CCC3)cc2)CCC1
CHEMBL266866,N=C(NCC(=O)O)NP(=O)([O-])[O-].[Na+].[Na+]
CHEMBL7878,CC(C)(CCCOc1ccc([S+]([O-])CCCC(C)(C)C(=O)O)cc1)C(=O)O
CHEMBL8195,CC(C)(CO)CCCCOc1ccc(OCCCCC(C)(C)CO)cc1
CHEMBL8196,CC(C)(CCCOc1ccc(OCCCC(C)(C)C(=O)O)c(C(=O)O)c1)C(=O)O
CHEMBL7809,O=C(/C=C/c1ccccc1)Oc1ccc(C(=O)/C=C/c2ccc(Cl)cc2)cc1
CHEMBL7914,Cc1ccc(Nc2cc3c(cc2Nc2ccc(C)cc2)C(=O)NC3=O)cc1
CHEMBL7767,CC(C)(CCCOc1ccc(SCCCC(C)(C)C(=O)O)cc1)C(=O)O
CHEMBL8032,CCCC(=O)Nc1ccc(Oc2cccc3c2OCCO3)cc1
CHEMBL8132,CCn1ncc2c(N[C@@H](C)C3CCCCC3)c3cc(C#N)ccc3nc21
CHEMBL266960,COc1ccc(CNc2nnc(N3CCC(O)CC3)c3ccc(C#N)cc23)cc1Cl
CHEMBL8067,O=C(/C=C/c1ccccc1)Oc1ccc(C(=O)/C=C/c2ccccc2)cc1
CHEMBL7659,COCC(=O)Nc1ccc(Oc2cccc(OC)c2)cc1
CHEMBL7673,COc1cccc(Oc2ccc(NC(=O)C3CC3)cc2)c1
CHEMBL31672,C/C=C/c1cc(OCCCC(C)(C)C(=O)OC)ccc1OCCCC(C)(C)C(=O)OC
CHEMBL7545,CCCC(O)c1cc(OCCCC(C)(C)C(=O)O)ccc1OCCCC(C)(C)C(=O)O
CHEMBL7546,CCCCN(C(C)=O)[S+]([O-])(=NC(=O)N(C(C)=O)c1ccc(Cl)cc1)c1ccc(C)cc1
CHEMBL7569,COC(=O)C(C)(C)CCCOc1ccc(OCCCC(C)(C)C(=O)OC)c(C=O)c1
CHEMBL7940,C=C(C)[C@H]1Cc2c(ccc3c(=O)c4c(oc23)COc2cc(OC)c(OC)cc2-4)O1
CHEMBL267461,C=C(C)[C@H]1Cc2c(ccc3c2O[C@H]2COc4cc(OC)c(OC)cc4[C@H]2C3=O)O1
CHEMBL7836,COC(=O)C(C)(C)CCCOc1ccc(C(=O)c2ccc(OCCCC(C)(C)C(=O)OC)cc2)cc1
CHEMBL7934,NC1=NC(c2ccccc2)Cc2cccc(Cl)c21
CHEMBL7935,Nc1nc(-c2cc(Cl)cc(Cl)c2)c(-c2cc(Cl)cc(Cl)c2)[nH]1
CHEMBL8017,CC(C)(CCCCOc1ccc(OCCCCC(C)(C)C(=O)O)cc1)C(=O)O
CHEMBL268428,O=C(O)C(Oc1ccc2cc(Br)ccc2c1)C(=O)O
CHEMBL7649,CN(CC(=O)O)C(=N)NP(=O)([O-])[O-].[Na+].[Na+]
CHEMBL7650,CCCCC(=O)Nc1ccc(Oc2cccc(OC)c2)cc1
CHEMBL7708,COc1cccc(Oc2ccc(NC(=O)CC(C)C)cc2)c1
CHEMBL7604,Cc1cc(SCCCC(C)(C)C(=O)O)c(C)cc1OCCCC(C)(C)C(=O)O
CHEMBL266865,CC(C)(CCCOc1ccc(S(=O)(=O)CCCC(C)(C)C(=O)O)cc1)C(=O)O
CHEMBL7819,COc1cc(O)c2c(=O)c(-c3cccc(Cl)c3)cn(C)c2c1
CHEMBL7835,COc1ccc(-c2cc(OCCCC(C)(C)C(=O)O)ccc2OCCCC(C)(C)C(=O)O)cc1
CHEMBL7847,COC(=O)C(C)(C)CCCOc1ccc(OCCCC(C)(C)C(=O)OC)cc1
CHEMBL7862,CC(C)(CCCOc1ccc(OCCCC(C)(C)C(=O)O)c(Cc2ccccc2)c1)C(=O)O
CHEMBL7703,COc1cccc(Oc2ccc(NC(=O)C(C)C)cc2)c1
CHEMBL7662,COc1ccc(Cl)cc1C1(F)C(=O)Nc2cc(C(F)(F)F)ccc21
CHEMBL266778,COc1ccc(Cl)c(C2(F)C(=O)Nc3cc(C)ccc32)c1
CHEMBL440453,COc1cc(O)c2c(O)c(-c3cccc(Cl)c3)cnc2c1
CHEMBL7981,COc1cc(OC)c2c(=O)c(-c3cccc(Cl)c3)coc2c1
CHEMBL7668,O=C(/C=C/c1ccc(O)cc1)c1ccc(Br)cc1
CHEMBL7643,O=C(Nc1ccc(Cl)cc1)NS(=O)(=O)c1ccc2c(c1)CCC2
CHEMBL267869,N#Cc1ccc(Nc2cc3c(cc2Nc2ccc(C#N)cc2)C(=O)NC3=O)cc1
CHEMBL7829,Cc1ccc(S(=O)(=O)NC(=O)Nc2ccc(Cl)cc2)cc1
CHEMBL7570,CCC(O)c1cc(OCCCC(C)(C)C(=O)O)ccc1OCCCC(C)(C)C(=O)O
CHEMBL8121,CC(O)c1cc(OCCCC(C)(C)C(=O)O)ccc1OCCCC(C)(C)C(=O)O
CHEMBL274170,O=C(/C=C/c1ccc(O)cc1)c1ccc(Cl)c(Cl)c1
CHEMBL7559,C/C=C/C(=O)Nc1ccc(Oc2cccc(OC)c2)cc1
CHEMBL268403,NC1=NC(c2ccccc2F)Cc2ccccc21
CHEMBL268668,NC1=NCCCc2ccccc21
CHEMBL7715,NC1=NC(c2ncc[nH]2)Cc2ccccc21
CHEMBL7945,NC1=NC(c2ccc(F)cc2)Cc2cccc(F)c21
CHEMBL275955,NC1=NC(c2ccc(F)cc2)Cc2ccc(F)cc21
CHEMBL7946,NC1=NC(c2ccc(F)cc2)Cc2cc(F)ccc21
CHEMBL7969,NC1=NC(c2ccc(F)cc2)Cc2c(F)cccc21
CHEMBL414608,NC1=NC(c2ccccc2)Cc2cccc(F)c21
CHEMBL7873,NC1=NC(c2ccc(Cl)cc2)Cc2ccccc21
CHEMBL7898,C#CCC(=O)Nc1ccc(Oc2cccc(OC)c2)cc1
CHEMBL7959,CCOC(=O)Nc1ccc(Nc2cccc(OC)c2)cc1
CHEMBL415493,CC(C)(CCCOc1ccc(OCCCC(C)(C)C(=O)O)cc1)C(=O)O
CHEMBL457,Cc1ccc(C)c(OCCCC(C)(C)C(=O)O)c1
CHEMBL275699,COc1ccc(Cl)c(C2(F)C(=O)Nc3c(I)cccc32)c1
CHEMBL268441,CC(=O)N(c1ccccc1)c1cc2c(cc1Nc1ccccc1)C(=O)NC2=O
CHEMBL8091,COC(=O)c1cc(Nc2ccc(F)cc2)c(Nc2ccc(F)cc2)cc1C(=O)OC
CHEMBL8161,Cc1cc(-c2c(F)cc3c(=O)c(Cc4ccccc4)cn(C4CC4)c3c2F)cc(C)n1
CHEMBL440640,O=C(/C=C/c1ccc(/C=C/C(=O)c2ccc(O)cc2)cc1)c1ccc(O)cc1
CHEMBL266067,C=C(C)[C@H]1Cc2c(ccc3c2OC2COc4cc(OC)c(OC)cc4C2/C3=N/O)O1
CHEMBL8160,COC(=O)C(C)(C)CCCOc1cccc(OCCCC(C)(C)C(=O)OC)c1C(C)=O
CHEMBL268693,COC(=O)c1c(OCCCC(C)(C)C(=O)OC)cccc1OCCCC(C)(C)C(=O)OC
CHEMBL8013,N=C(CP(=O)([O-])[O-])NCCC(=O)O.[Na+].[Na+]
CHEMBL268392,COc1cc2c(cc1OC)C1C(=O)c3ccc4c(c3OC1CO2)C(C)(C)C=CO4
CHEMBL45,COc1ccc2[nH]cc(CCNC(C)=O)c2c1
CHEMBL8002,COC(=O)C(C)(C)CCCOc1ccc(OCCCC(C)(C)C(=O)OC)c(C)c1
CHEMBL274172,CC(C)(CO)CCCOc1ccc(OCCCC(C)(C)CO)c(-c2ccccc2)c1
CHEMBL274402,NC1=NC(c2nccs2)Cc2ccccc21
CHEMBL8107,CCCC(=O)Nc1ccc(Oc2ccc(OC)cc2)cc1
CHEMBL8177,COC(=O)C(C)(C)CCCOc1ccc(OCCCC(C)(C)C(=O)OC)c(Br)c1
CHEMBL8118,CC(C)(CCCOc1ccc(OCCCC(C)(C)C(=O)O)c(Cl)c1)C(=O)O
CHEMBL8088,NC1=NC(c2ccc(F)cc2)Cc2ccccc21
CHEMBL8278,CCCC(=O)Nc1ccccc1Oc1cccc(OC)c1
CHEMBL416328,CCCC(=O)Nc1cccc(Oc2cccc(OC)c2)c1
CHEMBL8222,COC(=O)c1cc(Nc2ccccc2)c(Nc2ccccc2)cc1C(=O)OC
CHEMBL8223,CCN(CC)c1ccc(Nc2cc3c(cc2Nc2ccc(N(CC)CC)cc2)C(=O)NC3=O)cc1
CHEMBL267019,O=C1NC(=O)c2cc(Nc3ccc(O)cc3)c(Nc3ccc(O)cc3)cc21
CHEMBL8004,CCCC(=O)Nc1ccc(Nc2cccc3c2CCO3)cc1
CHEMBL267805,CCn1ncc2c(NCc3ccc(OC)c(Cl)c3)c(C(=O)O)cnc21
CHEMBL8410,CCn1ncc2c(NCc3ccc(OC)c(Cl)c3)c(C(=O)NC[C@@H]3CCCO3)cnc21
CHEMBL8271,O=C1NC(=O)c2cc(Sc3ccccc3)c(Sc3ccccc3)cc21
CHEMBL276197,COC(=O)C(C)(C)CCCOc1ccc(Cl)c(OCCCC(C)(C)C(=O)OC)c1
CHEMBL275930,CC(=O)C1CCC2C3CCC4=CC(O)CCC4(C)C3CCC12C
CHEMBL8166,Brc1ccc(-c2ccc(Br)cc2)cc1
CHEMBL264980,CCCC(=O)c1cc(OCCCC(C)(C)C(=O)OC)ccc1OCCCC(C)(C)C(=O)OC
CHEMBL8012,CCC(=O)c1cc(OCCCC(C)(C)C(=O)OC)ccc1OCCCC(C)(C)C(=O)OC
CHEMBL267249,COC(=O)C(C)(C)CCCOc1cccc(OCCCC(C)(C)C(=O)OC)c1NC(C)=O
CHEMBL7858,CC1(C)CC[C@]2(C(N)=O)CC[C@]3(C)C(C(=O)C=C4[C@@]5(C)C=C(C#N)C(=O)C(C)(C)[C@@H]5CC[C@]43C)C2C1
CHEMBL7859,CS(=O)(=O)c1nc(-c2cc(Cl)cc(Cl)c2)c(-c2cc(Cl)cc(Cl)c2)[nH]1
CHEMBL268210,Cc1ccc(C(Cn2ccnc2)O/C(S)=N\c2ccc(Cl)cc2)c(C)c1
CHEMBL8064,Cc1ccc(NC(=S)OC(Cn2ccnc2)c2ccc(Cl)cc2Cl)cc1
CHEMBL8065,NC1=NC(c2cccs2)Cc2ccccc21
CHEMBL268671,CC1(C)Cc2ccccc2C(N)=N1
CHEMBL7931,NC1=NC(C2CC2)Cc2ccccc21
CHEMBL7888,NC(=O)c1ncn([C@H]2O[C@@H](CO)C[C@@H]2O)n1
CHEMBL273659,NC1=NC(c2ccccc2)Cc2ccccc21
CHEMBL267077,C=C(C[C@@H](N)C(=O)O)C[C@H](N)C(=O)O
CHEMBL8185,C=C(CC(N)C(=O)O)CC(N)C(=O)O
CHEMBL7992,FC(F)(F)c1nc(-c2cc(Cl)cc(Cl)c2)c[nH]1
CHEMBL8036,CN1C(=O)c2cc(Nc3ccccc3)c(Nc3ccccc3)cc2C1=O
CHEMBL8061,COC(=O)c1ccc(OCCCC(C)(C)C(=O)OC)cc1OCCCC(C)(C)C(=O)OC
CHEMBL8272,C#CC1Cc2ccccc2C(N)=N1
CHEMBL8390,CC1Cc2ccccc2C(N)=N1
CHEMBL266933,COC(=O)C(C)(C)CCCOc1cc(OCCCC(C)(C)C(=O)OC)c(Cl)cc1Cl
CHEMBL7986,COc1ccc(Cl)c(C2(F)C(=O)Nc3c(C(F)(F)F)cccc32)c1
CHEMBL8069,COc1ccc(Cl)c(C2(F)C(=O)Nc3c(C#N)cccc32)c1
CHEMBL8416,CC(C)(CCCOc1ccc(C(=O)c2ccccc2)c(OCCCC(C)(C)C(=O)O)c1)C(=O)O
CHEMBL274535,C[C@@H]1O[C@H](n2cnc(C(N)=O)n2)[C@@H](O)[C@H]1O
CHEMBL8205,COC(=O)C(C)(C)CCCOc1ccc(OCCCC(C)(C)C(=O)OC)c(C(C)=O)c1
CHEMBL8078,CC(C)(CCCCOc1cccc(OCCCCC(C)(C)C(=O)O)c1)C(=O)O
CHEMBL8008,COC(=O)C(C)(C)CCCOc1cccc(OCCCC(C)(C)C(=O)OC)c1N
CHEMBL8114,COC(=O)C(C)(C)CCCOc1cccc(OCCCC(C)(C)C(=O)OC)c1[N+](=O)[O-]
CHEMBL268457,COC(=O)C(C)(C)CCCOc1ccc(OCCCC(C)(C)C(=O)OC)c(C#N)c1C#N
CHEMBL8146,CC(C)(CCCOc1ccc(OCCCC(C)(C)C(=O)O)c(C(F)(F)F)c1)C(=O)O
CHEMBL7889,CC(=N)NCCCC[C@H](N)C(=O)O
CHEMBL7890,COC(=O)[C@@H](N)CCCNC(=N)N[N+](=O)[O-]
CHEMBL8000,O=C1c2cc(Nc3ccccc3)c(Nc3ccccc3)cc2C(=O)N1c1ccccc1
CHEMBL8095,COc1ccc(Nc2cc3c(cc2Nc2ccccc2)C(=O)NC3=O)cc1
CHEMBL266510,COc1ccc(Cl)cc1[C@]1(F)C(=O)Nc2cc(C(F)(F)F)ccc21
CHEMBL8347,COc1ccc(Cl)cc1[C@@]1(F)C(=O)Nc2cc(C(F)(F)F)ccc21
CHEMBL267075,NC1=NC(c2ccc(F)cc2)Cc2cccc(Cl)c21
CHEMBL268523,COC(=O)C(C)(C)CCCOc1ccc(Br)c(OCCCC(C)(C)C(=O)OC)c1
CHEMBL8401,COC(=O)C(C)(C)CCCOc1ccc(C)c(OCCCC(C)(C)C(=O)OC)c1
CHEMBL8171,COC(=O)c1cc(NC(=O)c2cccs2)ccc1OCC(O)CNC(C)(C)C
CHEMBL269651,NC(=O)c1ncn([C@@H]2C[C@@H](O)[C@H](CO)O2)n1
CHEMBL8172,O=C1Nc2cc(C(F)(F)F)ccc2C1(F)c1ccccc1
CHEMBL8010,O=C1Nc2ccccc2C1(F)c1ccccc1
CHEMBL269603,COC(=O)C(C)(C)CCCOc1ccc(OCCCC(C)(C)C(=O)OC)c(/C=N/N=C(\N)S)c1
CHEMBL275959,CC(C)(CCCOc1cccc(OCCCC(C)(C)C(=O)O)c1)C(=O)O
CHEMBL269079,CCn1ncc2c(NCc3ccc(OC)c(Cl)c3)c(C(=O)NCCCCCO)cnc21
CHEMBL8198,CCn1ncc2c(NCc3ccc(OC)c(Cl)c3)c(C(=O)NCCCN3CCCC3=O)cnc21
CHEMBL268522,O=C1OC(=O)C2C3C=CC(C3)C12
CHEMBL8047,COC(=O)C1CC2C=CC1C2
CHEMBL441324,CC(C)(C)n1cc(C(=O)O)c(=O)c2cc(F)c(N3CCNC(c4ccccc4)C3)cc21.CS(=O)(=O)O
CHEMBL415490,CC(C)(CCOc1ccc(Sc2ccc(OCCC(C)(C)C(=O)O)cc2)cc1)C(=O)O
CHEMBL274095,CC(C)(CCOc1cccc(OCCC(C)(C)C(=O)O)c1)C(=O)O
CHEMBL8408,CC(C)(CCCOc1ccc(OCCCC(C)(C)C(=O)O)c(-c2ccccc2)c1)C(=O)O
CHEMBL8327,O=C1OC(=O)C2C3CCC(O3)C12
CHEMBL7911,COC(=O)C(C)(C)CCCOc1cc(OCCCC(C)(C)C(=O)OC)cc(C(C)=O)c1
CHEMBL7984,Cc1cc(OCCCC(C)(C)C(=O)O)c(C)c(C)c1OCCCC(C)(C)C(=O)O
CHEMBL7930,COC(=O)C(C)(C)CCCOc1cc(C)c(OCCCC(C)(C)C(=O)OC)cc1C
CHEMBL7879,COC(=O)C(C)(C)CCCOc1ccc(OCCCC(C)(C)C(=O)OC)c(C(C)(C)C)c1
CHEMBL7818,COc1ccc2c(c1)c(C1=NCC3(CN4CCC3CC4)O1)cn2C
CHEMBL267076,Cn1cc(C2=NCC3(CN4CCC3CC4)O2)c2cc(N)ccc21
CHEMBL8184,CCCCNc1c(C(=O)OCC)cnc2c1cnn2CC
CHEMBL7868,CCn1ncc2c(NCc3ccc(OC)c(Cl)c3)c(C(=O)NCc3ccncc3)cnc21
CHEMBL266255,O=C1NC(=O)c2cc3c(cc21)N(c1ccccc1)CCN3c1ccccc1
CHEMBL267975,COC(=O)C(C)(C)CCCOc1ccc(C=N/N=C(/N)S)c(OCCCC(C)(C)C(=O)OC)c1
CHEMBL7853,CC(C)(C)NCC(O)COc1ccc(NC(=O)c2cccs2)cc1C#N
CHEMBL8097,CCCCCCC[C@H]1OC(=O)C[C@@H](O)[C@H](Cc2ccccc2)N(C)C(=O)[C@H](C)OC(=O)[C@H]1C
CHEMBL269650,CC(C)(CCCOc1ccc(OCCCC(C)(C)C(=O)O)c(CO)c1)C(=O)O
CHEMBL8127,CC(C)(CCOc1ccc(OCCC(C)(C)C(=O)O)cc1)C(=O)O
CHEMBL7920,CC(C)(Oc1cccc(OC(C)(C)C(=O)O)c1)C(=O)O
CHEMBL7787,CC12CCC(C)(O1)C(C(=O)O)C2C(=O)O
CHEMBL276196,N#CCC1CC2OC1C(C(=O)O)C2C(=O)O
CHEMBL8357,CCOC(=O)C1CC2OC1C(C(=O)O)C2C(=O)O
CHEMBL266226,NC1=NC(c2ccco2)Cc2ccccc21
CHEMBL267977,CC(C)(CCCOc1ccc(-c2ccc(OCCCC(C)(C)C(=O)O)cc2)cc1)C(=O)O
CHEMBL8042,COC(=O)C(C)(C)CCCOc1cc(C)cc(OCCCC(C)(C)C(=O)OC)c1
CHEMBL267941,CN(c1ccccc1)c1cc2c(cc1N(C)c1ccccc1)C(=O)NC2=O
CHEMBL414213,CCC1Cc2cc(O)ccc2C2=C1c1ccc(O)cc1CC2CC
CHEMBL8279,Cn1cc(C2=NCC3(CN4CCC3CC4)O2)c2cc([N+](=O)[O-])ccc21
CHEMBL267297,Cc1ccc2c(c1)c(C1=NCC3(CN4CCC3CC4)O1)cn2C
CHEMBL8292,C#CC1Cc2ccsc2C(N)=N1
CHEMBL412901,NC1=NC(c2cccnc2)Cc2ccsc21
CHEMBL8059,CC(C)(C)NCC(O)COc1ccc(NC(=O)c2cccs2)cc1
CHEMBL46,Cc1nccn1CC1CCc2c(c3ccccc3n2C)C1=O
CHEMBL267991,CN1CCC2(CC1)CN=C(c1cn(C)c3ccccc13)O2
CHEMBL7813,CCN(CC)CCNCCNc1ccc2ncn3c4ccccc4c(=O)c1c23
CHEMBL7938,CN(C)CCN(C)c1ccc2ncn3c4ccccc4c(=O)c1c23
CHEMBL429555,Cc1cc(O)c(C(C)C)cc1C1OCCc2ccccc21
CHEMBL7950,O=C1c2ccccc2CCC1C1OCCc2ccccc21
CHEMBL7985,COC(=O)c1cc(NC(=O)c2cccs2)ccc1OCC(O)CNC(C)C
CHEMBL8009,CC(C)NCC(O)COc1ccc(NC(=O)c2cccs2)cc1
CHEMBL8066,CC12C(=O)OC(=O)C1(C)C1CCC2O1
CHEMBL274379,O=C(O)C1CC=CCC1C(=O)O
CHEMBL8068,Cc1nc(O)c(C#N)cc1-c1ccc(-n2ccnc2)cc1
CHEMBL8080,O=C(O)C1C2CCC(O2)C1C(=O)O
CHEMBL8182,CC1(C(=O)O)C2CCC(O2)C1C(=O)O
CHEMBL268459,COC(=O)c1oc2c(sc3ccccc32)c1OC(=O)N(C)C
CHEMBL8105,NC1=NC(C2CC2)Cc2sccc21
CHEMBL8106,NC1=NC(c2ccccc2)Cc2ccsc21
CHEMBL8175,CCOC(=O)c1cc(NC(=O)c2ccsc2)ccc1OCC(O)CNC(C)C
CHEMBL8176,O=C1OC(=O)C23CCCC12C1CCC3O1
CHEMBL275516,CC1(C(=O)O)C2CCC(O2)C1(C)C(=O)O
CHEMBL273968,O=C1OC(=O)C2CCCCC12
CHEMBL8110,CC(C)NCC(O)COc1ccc(NC(=O)c2cccs2)cc1C(=O)OC(C)C
CHEMBL266282,C=CCC1Oc2cccc(OC)c2-c2ccc3c(c21)C(C)=CC(C)(C)N3
CHEMBL8261,Cn1cc(C2=NCC3(CN4CCC3CC4)O2)c2cc(O)ccc21
CHEMBL8212,CC(C)OC(=O)c1cc(NC(=O)c2cccs2)ccc1OCC(O)CNC(C)(C)C
CHEMBL428840,C#CCOCN1c2ccccc2C(=O)N(Cc2ccccc2)S1(=O)=O
CHEMBL266511,O=C(OCCOCN1c2ccccc2C(=O)N(Cc2ccccc2)S1(=O)=O)c1ccccc1
CHEMBL8281,C#CC1Cc2sccc2C(N)=N1
CHEMBL8326,C/C(=C/C(N)C(=O)O)CC(N)C(=O)O
CHEMBL8396,CC(N)(/C=C/CC(N)C(=O)O)C(=O)O
CHEMBL268892,Cn1cc(C2=NCC3(CN4CCC3CC4)O2)c2cc(F)ccc21
CHEMBL269137,CCCCCCC[C@H]1OC(=O)C[C@@H](O)[C@H](Cc2ccccc2)N(C)C(=O)[C@H](C(C)C)OC(=O)[C@H]1C
CHEMBL7910,CC(=O)c1cc(NC(=O)c2cccs2)ccc1OCC(O)CNC(C)(C)C
CHEMBL7790,Oc1ccc2c(cc3ccc4cccc5ccc2c3c45)c1O
CHEMBL7857,COc1cccc(C2=NCC3(CN4CCC3CC4)O2)c1
CHEMBL7963,Cc1nc(O)ccc1-c1ccc(-n2ccnc2)cc1
CHEMBL415306,N[C@H](CCC[C@H](N)C(=O)O)C(=O)O
CHEMBL8119,O=C1OC(=O)C2C3CCC(C3)C12
CHEMBL273883,O=C1OC(=O)C2C3C=CC(O3)C12
CHEMBL8178,Cc1nc(O)c(N)cc1-c1ccc(-n2ccnc2)cc1
CHEMBL8029,N#CN/C(=N/c1cccc(Cl)c1)NC(Cn1ccnc1)c1ccc(Cl)cc1Cl
CHEMBL274378,c1ccc2c(C3=NCC4(CN5CCC4CC5)O3)csc2c1
CHEMBL8197,CN1C2CCC1CC(OC(=O)c1c[nH]c3ccccc13)C2
CHEMBL415487,CCCOC(=O)c1cc(NC(=O)c2cccs2)ccc1OCC(O)CNC(C)C
CHEMBL8637,C=CCC1Oc2ccc(CO)c(OC)c2-c2ccc3c(c21)C(C)=CC(C)(C)N3
CHEMBL8639,C=CCC1Oc2ccccc2-c2ccc3c(c21)C(C)=CC(C)(C)N3
CHEMBL8162,O=C(O)C1C2C=CC(C2)C1C(=O)O
CHEMBL8001,O=C1OC(=O)C2CC=CCC12
CHEMBL269307,N#CN/C(=N\C(Cn1ccnc1)c1ccc(Cl)cc1Cl)Nc1cccc(Cl)c1Cl
CHEMBL8346,O=C1c2ccccc2N(Cc2ccccc2)S(=O)(=O)N1COCc1ccccc1
CHEMBL276503,CCOC(=O)c1cc(NC(=O)Cc2cccs2)ccc1OCC(O)CNC(C)C
CHEMBL275517,Cn1c(I)c(C2=NCC3(CN4CCC3CC4)O2)c2ccccc21
CHEMBL8055,C=CCC1Oc2ccc(OCC#N)c(OC)c2-c2ccc3c(c21)C(C)=CC(C)(C)N3
CHEMBL8093,CCCOC(=O)c1cc(NC(=O)c2cccs2)ccc1OCC(O)CNC(C)(C)C
CHEMBL274149,c1ccc2c(C3=NCC4(CN5CCC4CC5)O3)[nH]nc2c1
CHEMBL268367,COC(=O)c1oc2c(sc3ccccc32)c1OC(=O)C(C)C
CHEMBL7615,CC(=O)c1c(C2=NCC3(CN4CCC3CC4)O2)c2ccccc2n1C
CHEMBL8137,NC(/C=C(\Cl)CC(N)C(=O)O)C(=O)O
CHEMBL428337,C/C(=C\C(N)C(=O)O)CC(N)C(=O)O
CHEMBL7971,CCOC(=O)c1cc(NC(=O)Cc2cccs2)ccc1OCC(O)CNC(C)(C)C
CHEMBL7970,Oc1ccc2ccc3c4ccccc4ccc3c2c1
CHEMBL267298,Cc1cccc2c(C3=NCC4(CN5CCC4CC5)O3)cn(C)c12
CHEMBL7830,Cc1nc2c(s1)CN=C(c1ccccc1)c1cc(Cl)ccc1-2
CHEMBL267917,Brc1ccccc1-c1ccccc1Br
CHEMBL7882,CC(N)(CCCC(N)C(=O)O)C(=O)O
CHEMBL7843,C=CCC1Oc2ccc(C(=O)OC)c(OC)c2-c2ccc3c(c21)C(C)=CC(C)(C)N3
CHEMBL8020,Oc1ccc2ccc3c4ccccc4cc4ccc1c2c43
CHEMBL8145,O=c1c(-c2ccc(O)cc2)coc2cc(O)ccc12
CHEMBL8157,O=C(O)C1C2C=CC(O2)C1C(=O)O
CHEMBL268521,NC1=NCCc2ccsc21
CHEMBL267706,Nc1nc2c(s1)CN=C(c1ccccc1F)c1cc(Cl)ccc1-2
CHEMBL8124,N#CN/C(=N\C(Cn1ccnc1)c1ccc(Cl)cc1Cl)Nc1ccc(Cl)cc1
CHEMBL8125,CC(C)(C)NCC(O)COc1ccc(NC(=O)c2cccs2)cc1C(=O)O
CHEMBL430086,CCOC(=O)c1cc(NC(=O)Cc2ccsc2)ccc1OCC(O)CNC(C)(C)C
CHEMBL267232,NC(/C=C/CC(N)C(=O)O)C(=O)O
CHEMBL268238,CC(CC(N)C(=O)O)CC(N)C(=O)O
CHEMBL266488,C#CCOc1ccc2c(c1OC)-c1ccc3c(c1C(CC=C)O2)C(C)=CC(C)(C)N3
CHEMBL8365,NC1=NC(C2CC2)Cc2ccsc21
CHEMBL8302,CC#CC1Cc2ccsc2C(N)=N1
CHEMBL8328,Oc1ccc(C2COc3cc(O)c(O)cc3C2)cc1
CHEMBL274561,COC(=O)c1oc2c(sc3ccccc32)c1O
CHEMBL8244,S=C(Nc1ccccc1)OC(Cn1ccnc1)c1ccc(Cl)cc1Cl
CHEMBL8245,c1ccc2c(c1)c(C1=NCC3(CN4CCC3CC4)O1)cn2CC1CC1
CHEMBL415308,CCOC(=O)c1cc(NC(=O)Cc2ccsc2)ccc1OCC(O)CNC(C)C
CHEMBL268603,COc1ccc(C(NC(C)=O)c2ccc(C(C)C)cc(=O)c2O)cc1
CHEMBL7880,COC(=O)c1oc2c(sc3ccccc32)c1OC
CHEMBL7776,CCOC(=O)c1cc(NC(=O)c2cccs2)ccc1OCC(O)CNC(C)C
CHEMBL274300,O=C1C[C@H](O)CC(c2cccc3ccccc23)O1
CHEMBL266709,C=CCC1Oc2cccc(O)c2-c2ccc3c(c21)C(C)=CC(C)(C)N3
CHEMBL268211,S=c1oc2ccc(Cl)cc2n1CC1OCCc2ccccc21
CHEMBL273884,O=C(O)C1CC2OC1C(C(=O)O)C2C(=O)O
CHEMBL7949,CCOC(=O)c1cc(NC(=O)c2ccsc2)ccc1OCC(O)CNC(C)(C)C
CHEMBL269761,CC[C@]1(c2ccncc2)CC(C)(C)C(=O)NC1=O
CHEMBL267680,Cc1cc(NC(=O)c2cccs2)ccc1OCC(O)CNC(C)C
CHEMBL267250,Nc1nc2c(s1)CN=C(c1ccccc1Cl)c1cc(Cl)ccc1-2
CHEMBL267757,CC(C)(C)NCC(O)COc1ccc(NC(=O)c2cccs2)cc1C(N)=O
CHEMBL7855,Oc1ccc2c(ccc3c4ccccc4ccc23)c1O
CHEMBL7788,Cn1cc(C2=NC[C@]3(CN4CC[C@@H]3C4)O2)c2ccccc21
CHEMBL8147,Oc1ncc(Oc2cccc(Cl)c2)cn1
CHEMBL8403,CC(C)c1ccc(Oc2cnc(O)nc2)cc1
CHEMBL8115,COc1c2c(cc(O)c1-c1cccs1)OCO2
CHEMBL269371,NCCCCNc1ccc2c(CNCCO)nn3c4cccc(O)c4c(=O)c1c23
CHEMBL8011,CCc1ccc(Oc2cnc(O)nc2)cc1
CHEMBL8037,CCc1cccc(Oc2cnc(O)nc2)c1
CHEMBL8038,O=c1oc2ccccc2c(O)c1C1OCCc2ccccc21
CHEMBL7983,CCCOC(=O)c1cc(O)c(O)c(O)c1
CHEMBL7814,O=C(c1ccccc1)C(c1ccccc1)C1OCCc2ccccc21
CHEMBL267631,NCCNCc1nn2c3ccccc3c(=O)c3c(NCCN)ccc1c32
CHEMBL8170,CC(C)c1ccc(C(Sc2ccccc2)c2ccccc2)c(O)c(=O)c1
CHEMBL268520,CC12CCCCC1(Br)[N+]([O-])=[N+]2[O-]
CHEMBL274094,Cn1cc(C2=NCC3(C[N+]4([O-])CCC3CC4)O2)c2ccccc21
CHEMBL8360,C#CCOc1cccc2c1-c1ccc3c(c1C(CC=C)O2)C(C)=CC(C)(C)N3
CHEMBL8386,Cc1nc2c(s1)CN=C(c1ccccc1Cl)c1cc(Cl)ccc1-2
CHEMBL8358,COc1ccc(C(c2ccc(C(C)C)cc(=O)c2O)n2c(=S)oc3ccccc32)cc1
CHEMBL267992,NCCCNc1ccc2c(CN3CCOCC3)nn3c4cccc(O)c4c(=O)c1c23
CHEMBL8148,CCOC(=O)c1cc(NC(=O)c2cccs2)ccc1OCC(O)CNC(C)(C)C
CHEMBL267806,Cc1cc(NC(=O)c2cccs2)ccc1OCC(O)CNC(C)(C)C
CHEMBL8379,Cc1nc2c(s1)CN=C(c1ccccc1F)c1cc(Cl)ccc1-2
CHEMBL8393,Nc1nc2c(s1)CN=C(c1ccccc1)c1cc(Cl)ccc1-2
CHEMBL8022,CN(C)CCNc1ccc2c(CN(CCO)CCO)nn3c4cccc(O)c4c(=O)c1c23
CHEMBL8128,CC1(C)CC(=O)C(C2OCCc3ccccc32)=C(O)C1
CHEMBL269652,Oc1ncc(C2OCCc3ccccc32)c(O)n1
CHEMBL415492,COc1c2c(cc(OCc3ccccc3)c1-c1ccco1)OCO2
CHEMBL275929,CC(=O)C1=C(O)CN(C2OCCc3ccccc32)C1=O
CHEMBL8288,CC(C)(C)C#CC1Cc2ccsc2C(N)=N1
CHEMBL8305,CC(C)c1ccc(C(c2ccccc2)c2ccc(C(C)C)cc(=O)c2O)c(O)c(=O)c1
CHEMBL8340,C=CCC1Oc2cccc(CN)c2-c2ccc3c(c21)C(C)=CC(C)(C)N3
CHEMBL414215,S=c1oc2ccc(Cl)cc2n1C1OCCc2ccccc21
CHEMBL8103,COc1ccc(C(NC(=O)c2ccccc2)c2ccc(C(C)C)cc(=O)c2O)cc1
CHEMBL8092,Nc1nc(O)c2nc(N)n(COCCI)c2n1
CHEMBL269161,Cn1cc(C2=NCC3(CN4CCC3CC4)O2)c2ccccc21
CHEMBL275956,Cc1ccc(Oc2cnc(O)nc2)cc1
CHEMBL8209,C=CCC1Oc2cccc(C#N)c2-c2ccc3c(c21)C(C)=CC(C)(C)N3
CHEMBL8372,CC(C)NCC(O)COc1ccc(NC(=O)c2cccs2)cc1Cl
CHEMBL8373,CCN(CC)CCNc1ccc2ncn3c4c(O)cccc4c(=O)c1c23
CHEMBL8030,Cc1cccc(Oc2cnc(=O)[nH]c2)c1
CHEMBL7872,Cc1ccccc1Oc1cnc(O)nc1
CHEMBL268193,NCCNc1ccc2c(CNCCCCO)nn3c4cccc(O)c4c(=O)c1c23
CHEMBL7894,CCC(=O)C(Nc1ccc(Cl)cc1)NC(Cn1ccnc1)c1ccc(Cl)cc1Cl
CHEMBL7965,CC(C)(C)NCC(O)COc1ccc(NC(=O)c2cccs2)cc1Cl
CHEMBL7870,Clc1ccc2oc(SCC3OCCc4ccccc43)nc2c1
CHEMBL7871,N#CN/C(=N/c1ccc(Cl)cc1Cl)NC(Cn1ccnc1)c1ccc(Cl)cc1Cl
CHEMBL269162,NC1=NC(C#Cc2ccccc2)Cc2ccsc21
CHEMBL268893,Nc1nc(O)c2nc(N)n(Cc3cccc4ccccc34)c2n1
CHEMBL7844,C=CCC1Oc2cccc(C(=O)OC)c2-c2ccc3c(c21)C(C)=CC(C)(C)N3
CHEMBL274404,CCN(CC)CCNc1ccc2ncn3c4cc(OC)c(OC)cc4c(=O)c1c23
CHEMBL8371,CC(=O)OCC1=C(C(=O)[O-])N2C(=O)/C(=C\Br)[C@H]2SC1.[Na+]
CHEMBL8041,NC1=NC(c2cccs2)Cc2ccsc21
CHEMBL274405,NC1=NC(c2ccco2)Cc2ccsc21
CHEMBL267233,COc1ccc(C(c2oc(CO)cc(=O)c2O)c2oc(CO)cc(=O)c2O)cc1
CHEMBL7822,Nc1nc(O)c2nc(N)n(CC3CCCCC3)c2n1
CHEMBL274150,Nc1nc(O)c2ncn(COCCI)c2n1
CHEMBL8150,CCN(CC)CCNc1ccc2ncn3c4c(OC)ccc(OC)c4c(=O)c1c23
CHEMBL7671,C#Cc1cccc2c1-c1ccc3c(c1C(CC=C)O2)C(C)=CC(C)(C)N3
CHEMBL7597,CC(=O)OCC1=C(C(=O)[O-])N2C(=O)C(=C(Br)Br)[C@H]2SC1.[Na+]
CHEMBL267745,CC(=O)OCC1=C(C(=O)[O-])N2C(=O)/C(=C/c3ccccn3)[C@H]2SC1.[Na+]
CHEMBL7789,Oc1ccc(C2OCCc3ccccc32)cc1
CHEMBL7802,CCN(CC)CCNc1ccc2ncn3c4cc(O)ccc4c(=O)c1c23
CHEMBL266225,O=C([O-])CCC/C=C\C[C@@H]1C2CC[C@@H](C2)[C@@H]1NS(=O)(=O)c1ccccc1.[Na+]
CHEMBL7841,Oc1ncc(Oc2ccccc2)cn1
CHEMBL7922,COc1ccc(Oc2cnc(O)nc2)cc1
CHEMBL273885,Cc1nc(O)c(C#N)c(C)c1-c1ccc(-n2ccnc2)cc1
CHEMBL7933,CC(C)N(CCNc1ccc2ncn3c4ccc(O)cc4c(=O)c1c23)C(C)C
CHEMBL8473,N#CN/C(=N\C(Cn1ccnc1)c1ccc(Cl)cc1Cl)Nc1ccccc1Cl
CHEMBL8582,CCN(CC)CCNc1ccc2ncn3c4cc5c(cc4c(=O)c1c23)OCO5
CHEMBL416696,NC1=NC(c2ccccc2)Cc2sccc21
CHEMBL274207,NC1=NCCc2sccc21
CHEMBL274208,C=CCC1Oc2ccc(OC)c(OC)c2-c2ccc3c(c21)C(C)=CC(C)(C)N3
CHEMBL8140,C=CCC1Oc2ccc(O)c(OC)c2-c2ccc3c(c21)C(C)=CC(C)(C)N3
CHEMBL8154,CC(=O)c1cc(NC(=O)c2cccs2)ccc1OCC(O)CNC(C)C
CHEMBL8246,Nc1nc(O)c2nc(N)n(CCCCCC(=O)O)c2n1
CHEMBL268239,C=CCC1Oc2cccc(CO)c2-c2ccc3c(c21)C(C)=CC(C)(C)N3
CHEMBL8238,CCN(CC)CCNc1ccc2ncn3c4c(OC)cccc4c(=O)c1c23
CHEMBL267296,COc1c2c(cc(O)c1-c1ccc(-c3ccccc3)cc1)OCO2
CHEMBL8542,O=C1c2ccccc2N(COCc2ccccc2)S(=O)(=O)N1Cc1ccccc1
CHEMBL8543,COC(=O)c1ccc(O)c(C2OCCc3ccccc32)c1
CHEMBL8587,CCCCCCn1c(N)nc2c(O)nc(N)nc21
CHEMBL268739,Oc1ncc(Oc2ccc(Cl)cc2)cn1
CHEMBL8324,O=C([O-])CCC/C=C\C[C@H]1[C@@H]2CC[C@@H](C2)[C@H]1CNS(=O)(=O)c1ccccc1.[Na+]
CHEMBL268740,CCN(CC)CCNc1ccc2ncn3c4c(O)ccc(O)c4c(=O)c1c23
CHEMBL8376,S=C(Nc1ccc(Cl)cc1)OC(Cn1ccnc1)c1ccc(Cl)cc1Cl
CHEMBL268631,CC(=O)OCC1=C(C(=O)[O-])N2C(=O)/C(=C/c3ccccc3)[C@H]2SC1.[Na+]
CHEMBL268947,CN(C)CCCCCNc1ccc2ncn3c4ccc(O)cc4c(=O)c1c23
CHEMBL8528,CCCCN(CCCC)CCNc1ccc2ncn3c4ccc(O)cc4c(=O)c1c23
CHEMBL8101,O=C([O-])CCC/C=C\C[C@@H]1C2CC[C@@H](C2)[C@H]1NS(=O)(=O)c1ccccc1.[Na+]
CHEMBL267078,CN(C)CCCNc1ccc2ncn3c4cc5c(cc4c(=O)c1c23)OCO5
CHEMBL8304,C#CC1Cc2cc(C)sc2C(N)=N1
CHEMBL8444,Cc1c(-c2ccc(-n3ccnc3)cc2)cc(C#N)c(=O)n1C
CHEMBL274206,Cc1c(-c2ccc(-n3ccnc3)cc2)cnc(O)c1C#N
CHEMBL8629,Cc1ccc(Oc2cncnc2O)cc1
CHEMBL8630,COc1cccc2c1c(=O)c1c(NCCN)ccc3c(CNCCN)nn2c31
CHEMBL8389,COc1cc(OC)c(OC)cc1CC(C)N
CHEMBL8301,COc1cc([N+](=O)[O-])c(OC)cc1CC(C)N
CHEMBL8413,CN1C2CCC1CC1(CN=C(c3cn(C)c4ccccc34)O1)C2
CHEMBL8218,O=c1c2c(O)cccc2n2nc(CNCCO)c3ccc(NCCCO)c1c32
CHEMBL8232,COc1cccc(Oc2cncnc2O)c1
CHEMBL276702,Cc1ccc(Oc2cnc(O)nc2)cc1C
CHEMBL8319,Cc1ccc(Oc2cnc(O)nc2)c(C)c1
CHEMBL8625,O=c1c2c(O)cccc2n2nc(CNCCO)c3ccc(NCCNCCO)c1c32
CHEMBL8445,NCCNCc1nn2c3cccc(O)c3c(=O)c3c(NCCN)ccc1c32
CHEMBL8100,COc1cc(CC(C)N)c(OC)cc1Cl
CHEMBL8111,CC(=O)OCC1=C(C(=O)[O-])N2C(=O)C(=C(Cl)Cl)[C@H]2S(=O)(=O)C1.[Na+]
CHEMBL273744,CC(=O)OCC1=C(C(=O)[O-])N2C(=O)/C(=C/CO)[C@H]2S(=O)(=O)C1.[Na+]
CHEMBL8434,CN(C)CCNc1ccc2c(CNCCO)nn3c4cccc(O)c4c(=O)c1c23
CHEMBL267803,Nc1nc(O)c2ncn(CCCCCP(=O)(O)O)c2n1
CHEMBL269540,NCCNc1ccc2c(CNCCO)nn3c4cccc(O)c4c(=O)c1c23
CHEMBL8229,CCOc1ccc2[nH]c3c(O)nncc3c2c1
CHEMBL268919,CC(=O)OCC1=C(C(=O)[O-])N2C(=O)/C(=C/C(=O)OC(C)(C)C)[C@H]2S(=O)(=O)C1.[Na+]
CHEMBL8230,Nc1nc(O)c2nc(N)n(Cc3ccccc3)c2n1
CHEMBL274562,Cc1cc(C)cc(Oc2cnc(O)nc2)c1
CHEMBL8421,Cn1cc(C2=NCC3(CC4CCC(C3)[N+]4(C)C)O2)c2ccccc21.[I-]
CHEMBL8457,Oc1ncncc1Oc1ccc(F)cc1
CHEMBL268011,Oc1ncncc1Oc1ccccc1Cl
CHEMBL8628,Oc1ncncc1Oc1ccc(Cl)cc1
CHEMBL269659,Oc1ncncc1Oc1cccc(Cl)c1
CHEMBL8321,Oc1ncc(Oc2ccc(Cl)cc2)c(O)n1
CHEMBL8322,Cc1ccc(Oc2cnc(O)nc2O)cc1
CHEMBL8323,Nc1nc(O)c2ncn(COCCOC(=O)c3ccc(S(=O)(=O)F)cc3)c2n1
CHEMBL8227,COc1ccc(O)c2c(=O)c3c(NCCN(C)C)ccc4ncn(c12)c43
CHEMBL8400,Oc1ncc(Oc2cccc(C(F)(F)F)c2)cn1
CHEMBL275751,NCCCNc1ccc2c(CNCCO)nn3c4cccc(O)c4c(=O)c1c23
CHEMBL8219,CCN(CC)CCNc1ccc2ncn3c4c(OC)ccc(O)c4c(=O)c1c23
CHEMBL268890,CCCCCCc1cc(OC)c(CC(C)N)cc1OC
CHEMBL417602,CN(C)CCN(C)c1ccc2ncn3c4ccc(O)cc4c(=O)c1c23
CHEMBL8801,CCN(CC)CCNc1ccc2ncn3c4ccc(C(C)(C)C)cc4c(=O)c1c23
CHEMBL8871,Cc1cccc(Sc2cnc(O)nc2)c1
CHEMBL8872,Cc1ccc(Sc2cnc(O)nc2)cc1
CHEMBL268741,Nc1nc(O)c2nc(N)n(-c3cccc(CO)c3)c2n1
CHEMBL8096,Cc1cccc(Oc2cncnc2O)c1
CHEMBL8239,Oc1ncc(Sc2ccc(Cl)cc2)cn1
CHEMBL415488,Cc1cccc(Oc2cnc(O)nc2O)c1
CHEMBL417239,C=CCn1cc(C2=NCC3(CN4CCC3CC4)O2)c2ccccc21
CHEMBL540702,CSc1ccc(Oc2cnc(O)nc2)cc1
CHEMBL8141,Oc1ncc(Oc2ccc(Br)cc2)cn1
CHEMBL8298,Oc1ncc(Oc2ccccc2)c(O)n1
CHEMBL8081,Oc1ncncc1Oc1ccccc1
CHEMBL8054,Cc1cc(Oc2cnc(O)nc2)ccc1Cl
CHEMBL276699,Oc1ncc(Oc2ccc(Cl)cc2Cl)cn1
CHEMBL266097,C#CCn1cc(C2=NCC3(CN4CCC3CC4)O2)c2ccccc21
CHEMBL429401,CCn1cc(C2=NCC3(CN4CCC3CC4)O2)c2ccccc21
CHEMBL8310,Oc1ncncc1Oc1ccc(Cl)c(Cl)c1
CHEMBL8311,Oc1ncc(Sc2ccccc2)cn1
CHEMBL274537,COc1ccc(Oc2cncnc2O)cc1
CHEMBL413497,CCN(CC)CCNCCNc1ccc2ncn3c4ccc(O)cc4c(=O)c1c23
CHEMBL273770,COc1cc(C(=N)N)c(OC)cc1CC(C)N
CHEMBL8317,COc1cc(C(C)(C)C)c(OC)cc1CC(C)N
CHEMBL8214,CCCCc1cc(OC)c(CC(C)N)cc1OC
CHEMBL8255,COc1cccc2c1c(=O)c1c(NCCN(C)C)ccc3c(CNCCN(C)C)nn2c31
CHEMBL8331,COc1cc2c(=O)c3c(NCCCN(C)C)ccc4ncn(c2cc1OC)c43
CHEMBL8429,CCCCCNC(=O)c1cccc2n[nH]c(O)c12
CHEMBL8600,COc1cc(CC(C)N)c(OC)cc1C
CHEMBL8601,CCN(CC)CCNc1ccc2ncn3c4ccc(C)cc4c(=O)c1c23
CHEMBL8602,CCN(CC)CCNc1ccc2ncn3c4cc(OC)c(OC)c(O)c4c(=O)c1c23
CHEMBL8412,O=C1c2ccccc2S(=O)(=O)N1CCCCN1CCN(c2ncccn2)CC1
CHEMBL268180,Cn1cc(C2=NCC3(CC4CCC(C3)N4Cc3ccccc3)O2)c2ccccc21
CHEMBL8487,Oc1ncc(Oc2ccc(F)cc2)cn1
CHEMBL8500,COc1cccc(Oc2cnc(O)nc2)c1
CHEMBL274403,O=c1[nH]n(-c2ccccc2)c2ccccc12
CHEMBL8612,O=c1[nH]n(Cc2ccccc2)c2ccccc12
CHEMBL49,O=C1CC2(CCCC2)CC(=O)N1CCCCN1CCN(c2ncccn2)CC1
CHEMBL8354,CON(C)CCc1c[nH]c2ccccc12
CHEMBL8615,c1ccc2c(C3=NCC4(CN5CCC4CC5)O3)c[nH]c2c1
CHEMBL8616,CCNCc1nn2c3cccc(O)c3c(=O)c3c(NCCN(C)C)ccc1c32
CHEMBL267169,O=C(O)CCC/C=C\C[C@H]1C2CC[C@@H](C2)[C@@H]1NS(=O)(=O)c1ccccc1
CHEMBL8627,C[S+]([O-])c1ccc(Oc2cnc(O)nc2)cc1
CHEMBL8558,NCCNc1ccc2c(CNCCCO)nn3c4cccc(O)c4c(=O)c1c23
CHEMBL267299,O=C1c2ccccc2CC1C1OCCc2ccccc21
CHEMBL8274,Oc1ccccc1C1OCCc2ccccc21
CHEMBL266243,CC1(C)[C@H]2C[C@H](NC(=O)[C@H](O)C3CCCC3)[C@@H](C/C=C\CCCC(=O)O)[C@@H]1C2
CHEMBL268860,CC(=O)OCC1=C(C(=O)[O-])N2C(=O)/C(=C/c3ccccc3)[C@H]2S(=O)(=O)C1.[Na+]
CHEMBL8511,CC(=O)OCC1=C(C(=O)[O-])N2C(=O)/C(=C\c3ccccc3)[C@H]2S(=O)(=O)C1.[Na+]
CHEMBL267525,OCC1OC(c2n[nH]c3c(O)ncnc23)C(O)C1O
CHEMBL268630,CN(C)CCNCc1nn2c3ccccc3c(=O)c3c(NCCN(C)C)ccc1c32
CHEMBL266329,CN(C)CCNCc1nn2c3cccc(O)c3c(=O)c3c(NCCN(C)C)ccc1c32
CHEMBL276199,Cn1cc(C2=NCC3(CC4CCC(C3)N4)O2)c2ccccc21
CHEMBL8352,COc1cc(CC(C)N)c(OC)cc1O
CHEMBL8584,COc1cc(C(=O)O)c(OC)cc1CC(C)N
CHEMBL8614,CCCCCCCCc1cc(OC)c(CC(C)N)cc1OC
CHEMBL8040,Nc1nc2[nH]c(N)nc2c(=O)[nH]1
CHEMBL276728,Cn1cc(C2=NC[C@@]3(C[N@@]4CC[C@@H]3C4)O2)c2ccccc21
CHEMBL8250,Cn1cc(C2=NCC3(CCN4CCCC3C4)O2)c2ccccc21
CHEMBL268442,COc1cc2c[n+](C)c3c(c2cc1OC)Cc1cc(OS(C)(=O)=O)c(OC)cc1-3.[Cl-]
CHEMBL8044,COc1cc2c(cc1O)Cc1c-2[n+](C)cc2cc(OC)c(OC)cc12.[Cl-]
CHEMBL8045,c1ccc2cc(CNCCc3c[nH]c4ccccc34)ccc2c1
CHEMBL276500,CCCN1CCCC(c2cccc(O)c2)C1
CHEMBL8046,O=C1[C@@H](NS(=O)(=O)c2cc3nc(Cl)ccc3s2)CCN1Cc1cc2[nH]cccc-2n1
CHEMBL8126,CCCCOC(=O)c1cc(OC)c(CC(C)N)cc1OC
CHEMBL269777,COc1cc2c[n+](C)c3c(c2cc1OC)Cc1c-3ccc(OS(C)(=O)=O)c1OC.[Cl-]
CHEMBL269778,O=S(=O)(c1ccccc1)N1Cc2ccccc2N(Cc2c[nH]cn2)C(CCc2ccccc2)C1
CHEMBL269657,CC(=O)OCC1=C(C(=O)[O-])N2C(=O)/C(=C\Br)[C@H]2S(=O)(=O)C1.[Na+]
CHEMBL8603,CCOc1ccnc(N2CCN(c3cc(N)c4cc(OC)c(OC)cc4n3)CC2)n1
CHEMBL267804,COc1cc2nc(N3CCN(c4nccc(C)n4)CC3)cc(N)c2cc1OC
CHEMBL273251,CCCOC(=O)c1cc(OC)c(CC(C)N)cc1OC
CHEMBL416514,CCCNC(=O)c1cc(OC)c(CC(C)N)cc1OC
CHEMBL274589,COc1cc(CC(C)N)c(OC)cc1Cc1ccccc1
CHEMBL8253,COc1ccc2c(c1)cc1c(S)nncn12
CHEMBL8296,COc1ccc2c(c1)cc1c(O)nncn12
CHEMBL8598,N=C(N)N1CCN(Cc2c[nH]c3ccccc23)CC1
CHEMBL8343,CC(=O)OCC1=C(C(=O)[O-])N2C(=O)/C(=C/C(C)(C)C)[C@H]2SC1.[Na+]
CHEMBL268859,Cc1c(C(=O)N(C)CCC(=O)O)s/c(=N\C(=O)c2ccc(C(=N)N)cc2)n1C
CHEMBL8334,COc1cc(CC(C)N)c(OC)cc1CCCc1ccccc1
CHEMBL8259,CC(=O)OCC1=C(C(=O)[O-])N2C(=O)C(=C(Cl)Cl)[C@H]2SC1.[Na+]
CHEMBL8443,COc1cc2c[n+](C)c3c4cc5c(cc4ccc3c2cc1OC)OCO5.[Cl-]
CHEMBL8501,Cc1c(C(=O)NCCC(=O)O)s/c(=N\C(=O)c2ccc(C(=N)N)cc2)n1Cc1ccccc1
CHEMBL8260,O=c1cc(-c2ccccc2)oc2cc(O)c(O)c(O)c12
CHEMBL50,O=c1c(O)c(-c2ccc(O)c(O)c2)oc2cc(O)cc(O)c12
CHEMBL274642,NC1=NN(c2cccc(C(F)(F)F)c2)CC1
CHEMBL8624,COc1cc2c[n+](C)c3c(c2cc1OC)Cc1cc2c(cc1-3)OCO2.[Cl-]
CHEMBL8569,CCCc1cc(OC)c(CC(C)N)cc1OC
CHEMBL8613,CCOc1ccc2[nH]c3c(S)nncc3c2c1
CHEMBL8570,COc1cc2c[n+](C)c3c(c2cc1OC)Cc1c-3ccc(O)c1OC.[Cl-]
CHEMBL8581,Cc1c(S(=O)(=O)N[C@H]2CCN(Cc3cc4c[nH]ccc-4n3)C2=O)sc2ccc(Cl)cc12
CHEMBL8557,O=C1[C@@H](NS(=O)(=O)c2nc3cc(Cl)ccc3[nH]2)CCN1Cc1cc2cc[nH]cc-2n1
CHEMBL8142,CCOc1ccc2[nH]c3c(NN)nncc3c2c1
CHEMBL51,O=C(c1ccc(F)cc1)C1CCN(CCn2c(=O)[nH]c3ccccc3c2=O)CC1
CHEMBL8309,NNc1[nH]ncc2c3cc(OCc4ccccc4)ccc3nc1-2.O=S(=O)(O)O
CHEMBL266068,O=C1[C@@H](NS(=O)(=O)c2cc3ncccc3s2)CCN1Cc1cc2c[nH]ccc-2n1
CHEMBL8273,O=C(O)COc1ccc(CCNS(=O)(=O)c2ccccc2)cc1
CHEMBL8353,CON(C)C(=O)/C=C1/C(=O)N2C(C(=O)[O-])=C(COC(C)=O)CS[C@H]12.[Na+]
CHEMBL8307,CC(=O)OCC1=C(C(=O)[O-])N2C(=O)/C(=C/C=O)[C@H]2SC1.[Na+]
CHEMBL416327,CC(=O)OCC1=C(C(=O)[O-])N2C(=O)C(=C=CC(C)(C)C)[C@H]2S(=O)(=O)C1.[Na+]
CHEMBL269308,CC(=O)OCC1=C(C(=O)[O-])N2C(=O)/C(=C/C(=O)OC(C)(C)C)[C@H]2SC1.[Na+]
CHEMBL8242,O=C1[C@@H](NS(=O)(=O)c2cc3ccnc(Cl)c3s2)CCN1Cc1cc2c[nH]ccc-2n1
CHEMBL267528,Cn1c2c(s/c1=N\C(=O)c1ccc(C(=N)N)cc1)C(=O)N(CCC(=O)O)C2
CHEMBL8216,O=C1[C@@H](NS(=O)(=O)c2nc3cc(Cl)ccc3[nH]2)CCN1Cc1cc2c[nH]ccc-2n1
CHEMBL8571,CC(=O)/C=C1/C(=O)N2C(C(=O)[O-])=C(COC(C)=O)CS[C@H]12.[Na+]
CHEMBL8572,Cc1c(CCC(=O)O)s/c(=N\C(=O)c2ccc(C(=N)N)cc2)n1C
CHEMBL8224,CCc1cc(OC)c(CC(C)N)cc1OC
CHEMBL267526,COc1cc(CC(C)N)c(OC)cc1F
CHEMBL8225,CCOc1cc(OC)c(CC(C)N)cc1OC
CHEMBL8283,N=C(N)c1ccc(C(=O)Nc2cccc(CCC(=O)O)c2)cc1
CHEMBL8295,C=C1CC2(CCCc3ccccc32)OC1=O
CHEMBL274773,C=C1CC(c2ccccc2)(c2ccccc2)OC1=O
CHEMBL416515,O=C1[C@@H](NS(=O)(=O)c2ccc(-c3ccncc3)s2)CCN1Cc1cc2c[nH]ccc-2n1
CHEMBL266983,O=C1[C@@H](NS(=O)(=O)c2ccc(-c3ccncc3)s2)CCN1Cc1cc2cc[nH]cc-2n1
CHEMBL8541,Cc1nc(N(C)C(=O)c2ccc(C(=N)N)cc2)sc1CCC(=O)O
CHEMBL8642,COc1ccc(OC)c(CC(C)N)c1
CHEMBL267168,CC(C)(C)c1ccc(S(=O)(=O)N[C@H]2CCN(Cc3cc4c[nH]ccc-4n3)C2=O)cc1
CHEMBL7995,CC(=O)OCC1=C(C(=O)[O-])N2C(=O)C(=C(Br)Br)[C@H]2S(=O)(=O)C1.[Na+]
CHEMBL8005,C=C1CC(C)(c2ccccc2)OC1=O
CHEMBL8006,C=C1CC(C)(CC(C)(C)C)OC1=O
CHEMBL8325,COc1ccc2[nH]c3c(NN=C(C)C)nncc3c2c1
CHEMBL268178,O=C1[C@@H](NS(=O)(=O)c2ccc(-c3ccc(Cl)s3)s2)CCN1Cc1cc2cc[nH]cc-2n1
CHEMBL276476,Cn1c2ccccc2c(=O)n1Cc1ccccc1
CHEMBL269604,O=C1[C@@H](NS(=O)(=O)c2ccc(-c3ccon3)s2)CCN1Cc1cc2c[nH]ccc-2n1
CHEMBL8251,Cc1c(S(=O)(=O)N[C@H]2CCN(Cc3cc4cc[nH]cc-4n3)C2=O)sc2ccc(Cl)cc12
CHEMBL268009,NNc1[nH]ncc2c3cc(OCc4ccccc4)ccc3nc1-2
CHEMBL8586,COc1ccc2[nH]c3c(NN)nncc3c2c1
CHEMBL8640,CC1=C/C(=C\Cl)C(=O)C(C)(O)C12CC2
CHEMBL268241,c1ccc(COc2[nH]nc3ccccc23)cc1
CHEMBL8289,Cn1c(=O)c2ccccc2n1Cc1ccccc1
CHEMBL274615,COc1c2c(cc(O)c1-c1cc3ccccc3o1)OCO2
CHEMBL459,C[C@](N)(Cc1ccc(O)c(O)c1)C(=O)O
CHEMBL8362,COc1ccc2[nH]c3c(O)nncc3c2c1
CHEMBL8363,CC(C)(C)c1ccc(S(=O)(=O)N[C@H]2CCN(Cc3cc4cc[nH]cc-4n3)C2=O)cc1
CHEMBL268632,CC(=O)OCC1=C(C(=O)[O-])N2C(=O)/C(=C/c3ccccn3)[C@H]2S(=O)(=O)C1.[Na+]
CHEMBL267942,O=S(=O)(c1ccc(F)cc1)N1Cc2ccccc2N(Cc2c[nH]cn2)C(CCc2ccccc2)C1
CHEMBL7997,CCn1c(C)c(C(=O)NCCC(=O)O)s/c1=N\C(=O)c1ccc(C(=N)N)cc1
CHEMBL8174,COc1c2c(cc(O)c1-c1ccccc1)OCO2
CHEMBL7998,COc1ccc(-c2c(O)cc3c(c2OC)OCO3)cc1
CHEMBL430108,COc1ccc2c(c1)cc1c(NN)nncn12
CHEMBL274613,COc1cc2cc(-c3ccc(OC(C)C)c(OC)c3)[n+](C)cc2cc1OC.[Cl-]
CHEMBL8247,N#Cc1ccc(S(=O)(=O)N2Cc3ccccc3N(Cc3c[nH]cn3)C(CCc3ccccc3)C2)cc1
CHEMBL8290,O=C([O-])[C@H]1/C(=C/CO)O[C@@H]2CC(=O)N21.[Na+]
CHEMBL8277,CCCCn1c(C)c(C(=O)NCCC(=O)O)s/c1=N\C(=O)c1ccc(C(=N)N)cc1
CHEMBL8333,CCC[C@H]1CC2C(CCC3(C)C(=O)CCC23)C2(C)C=CC(=O)C=C12
CHEMBL268917,O=C1[C@@H](NS(=O)(=O)c2ccc(-c3ccc(Cl)s3)s2)CCN1Cc1cc2c[nH]ccc-2n1
CHEMBL8308,O=C1[C@@H](NS(=O)(=O)c2cc3cccnc3s2)CCN1Cc1cc2c[nH]ccc-2n1
CHEMBL273742,COc1cc2cc(-c3ccc4c(c3)OCO4)[n+](C)cc2cc1OC.[Cl-]
CHEMBL8099,COc1nn(Cc2ccccc2)c2ccccc12
CHEMBL266689,CC(=O)OCC1=C(C(=O)[O-])N2C(=O)/C(=C/C(C)(C)C)[C@H]2S(=O)(=O)C1.[Na+]
CHEMBL266690,O=C1[C@@H](NS(=O)(=O)c2ccc(-c3ccccn3)s2)CCN1Cc1cc2c[nH]ccc-2n1
CHEMBL8129,c1ccc2cc(CNCc3cccc4ccccc34)ccc2c1
CHEMBL8130,Oc1ccc2[nH]c3c(O)nncc3c2c1
CHEMBL8016,N.N.O=C(CBr)c1cn(C2CC(O)C(OP(=O)(O)O)O2)c(=O)[nH]c1=O
CHEMBL266959,O=C1[C@@H](NS(=O)(=O)c2cc3cccnc3s2)CCN1Cc1cc2cc[nH]cc-2n1
CHEMBL8336,COc1cc(CC(C)N)c(OC)cc1C#N
CHEMBL8512,CC12C=CC(=O)C=C1CCC1C2CCC2(C)C(=O)CCC12
CHEMBL8237,COc1cc(C(C)C)c(OC)cc1CC(C)N
CHEMBL8028,COc1cc(CC(C)N)c(OC)cc1N
CHEMBL8387,NNc1[nH]ncc2c3cc(O)ccc3nc1-2
CHEMBL266984,O=C1[C@@H](NS(=O)(=O)c2ccc(-c3ccon3)s2)CCN1Cc1cc2cc[nH]cc-2n1
CHEMBL269102,O=C1[C@@H](NS(=O)(=O)c2ccc(-c3ccccn3)s2)CCN1Cc1cc2cc[nH]cc-2n1
CHEMBL8585,COc1cc2nc(N3CCN(c4nccc(N(C)C)n4)CC3)cc(N)c2cc1OC
CHEMBL274117,O=C1C=CC(=O)C(c2ccccc2)=C1
CHEMBL8233,CCC(=O)c1cc(OC)c(CC(C)N)cc1OC
CHEMBL274614,COc1c2c(cc(O)c1-c1ccc(C)cc1)OCO2
CHEMBL8248,CC12CCCCC1(Cl)[N+]([O-])=[N+]2[O-]
CHEMBL274380,CC1(C)[N+]([O-])=[N+]([O-])C1(C)Br
CHEMBL52,CC(Cc1ccc(O)c(O)c1)C(C)Cc1ccc(O)c(O)c1
CHEMBL268694,COc1cc2c(cc1OC)[C@H]1C(=O)c3cc(OS(C)(=O)=O)c(OC)cc3[C@H]1N(C)C2=O
CHEMBL8306,O=S(=O)(c1ccc(O)cc1)N1Cc2ccccc2N(Cc2c[nH]cn2)C(CCc2ccccc2)C1
CHEMBL269653,c1ccc2c(CCNCc3c[nH]c4ccccc34)c[nH]c2c1
CHEMBL266304,O=[N+]([O-])O[C@@H]1CO[C@H]2[C@@H]1OC[C@H]2N1CCN(CCCSc2ccccc2)CC1
CHEMBL8568,CCN(CC)c1cc(N)c2cc(OC)c(OC)cc2n1
CHEMBL276703,C=C1CC2(OC1=O)C1CC3CC(C1)CC2C3
CHEMBL268948,C=C1CC2(OC1=O)C1CCC(C1)C2(C)C
CHEMBL8432,O=C(C[C@@H](Cc1ccc(-c2ccc3c(c2)OCO3)cc1)C(=O)N[C@H]1c2ccccc2C[C@H]1O)NO
CHEMBL8378,CCN1C(C(=O)N[C@H](C=O)Cc2ccccc2)Cc2cc(Cl)ccc2S1(=O)=O
CHEMBL8338,COc1cc2nc(N3CCNCC3)cc(N)c2cc1OC
CHEMBL427999,Oc1cccc(C2CCCN(CCc3ccccc3)C2)c1
CHEMBL460,CCc1c(C)[nH]c2c1C(=O)C(CN1CCOCC1)CC2
CHEMBL412906,COc1ccc2[nH]c3c(cnn4nnnc34)c2c1
CHEMBL8312,C=C1C2=C(CC(C)(C)C2=O)C(=O)C(C)(O)C12CC2
CHEMBL8471,O=C(O)Cn1c(=O)c2ccccc2c(=O)c2ccccc21
CHEMBL266688,O=C(O)CN(C(=O)c1cccc2ccccc12)c1ccccc1
CHEMBL8167,O=C(O)CN(C(=O)c1ccccc1)c1ccc2ccccc2c1
CHEMBL268835,O=C1[C@@H](NS(=O)(=O)c2cc3nc(Cl)ccc3s2)CCN1Cc1cc2c[nH]ccc-2n1
CHEMBL267462,O=C1[C@@H](NS(=O)(=O)c2cc3ccc(Cl)cc3s2)CCN1Cc1cc2c[nH]ccc-2n1
CHEMBL7993,CC1=C/C(=C\C#CCCO)C(=O)C(C)(O)C12CC2
CHEMBL7994,CC1=C/C(=C\c2cccs2)C(=O)C(C)(O)C12CC2
CHEMBL8187,Cc1nc(NC(=O)c2ccc(C(=N)N)cc2)sc1CCC(=O)O
CHEMBL8188,O=C1[C@@H](NS(=O)(=O)c2ccc(-c3ccc(Cl)s3)s2)CCN1CCNc1ccncc1
CHEMBL416326,O=C1[C@@H](NS(=O)(=O)c2nc3cc(Cl)ccc3[nH]2)CCN1CCNc1ccncc1
CHEMBL8527,C=C1CC(C(C)C)(C(C)C)OC1=O
CHEMBL269655,C=C1CC(CC)(CC)OC1=O
CHEMBL8275,Nc1ncnc2c1ncn2C1CC(O)C(O)C1O
CHEMBL440832,CCCCC[C@@H]1CC2C(CCC3(C)C(=O)CCC23)C2(C)C=CC(=O)C=C12
CHEMBL8626,CN1CCCC(c2cccc(O)c2)C1
CHEMBL416141,CC(C)N1CCCC(c2cccc(O)c2)C1
CHEMBL8293,C=C1CC2(CC3CCC2C3)OC1=O
CHEMBL267170,C=C1C(=O)OC(c2ccccc2)(c2ccccc2)C1C(=O)OCC
CHEMBL8266,CCCCN1CCCC(c2cccc(O)c2)C1
CHEMBL8267,CCN1CCCC(c2cccc(O)c2)C1
CHEMBL8268,Oc1cccc([C@H]2CCCNC2)c1
CHEMBL266098,O=C1[C@@H](NS(=O)(=O)c2ccc(-c3ccccn3)s2)CCN1Cc1cc2[nH]cccc-2n1
CHEMBL416513,O=C1[C@@H](NS(=O)(=O)c2nc3cc(Cl)ccc3[nH]2)CCN1Cc1cc2[nH]cccc-2n1
CHEMBL8313,CC[C@@H]1CC2C(CCC3(C)C(=O)CCC23)C2(C)C=CC(=O)C=C12
CHEMBL8143,COc1ccc2[nH]c3c(cnn4c(C)nnc34)c2c1
CHEMBL8144,COc1ccc2[nH]c3c(cnn4cnnc34)c2c1
CHEMBL268416,COc1cc2nc(N3CCN(C(=O)Nc4ccccc4)CC3)cc(N)c2cc1OC
CHEMBL267428,C=CCNC(=O)N1CCN(c2cc(N)c3cc(OC)c(OC)cc3n2)CC1
CHEMBL8316,COc1ccc2[nH]c3c(N/N=C\c4ccccc4)nncc3c2c1
CHEMBL8039,C=C/C=C1\C=C(C)C2(CC2)C(C)(O)C1=O
CHEMBL274328,C/C=C1\C=C(C)C2(CC2)C(C)(O)C1=O
CHEMBL266958,O=S(=O)(c1cccs1)N1Cc2ccccc2N(Cc2c[nH]cn2)C(CCc2ccccc2)C1
CHEMBL8201,NCCCNCc1ccc2ccccc2c1
CHEMBL276701,COc1cc2nc(N3CCN(c4ccccc4)CC3)cc(N)c2cc1OC
CHEMBL53,CN1CCc2cccc3c2[C@H]1Cc1ccc(O)c(O)c1-3
CHEMBL8208,c1ccc2c(CNCc3c[nH]c4ccccc34)cccc2c1
CHEMBL54,O=C(CCCN1CCC(O)(c2ccc(Cl)cc2)CC1)c1ccc(F)cc1
CHEMBL8433,O=C1[C@@H](NS(=O)(=O)c2ccc(-c3ccncc3)s2)CCN1Cc1cc2[nH]cccc-2n1
CHEMBL266556,O=S(=O)(N1Cc2ccccc2N(Cc2c[nH]cn2)C(CCc2ccccc2)C1)C(F)(F)F
CHEMBL8417,CCCC[C@@H]1CC2C(CCC3(C)C(=O)CCC23)C2(C)C=CC(=O)C=C12
CHEMBL8418,NCCCCNC(=O)[C@H](CCCCNCc1c[nH]c2ccccc12)NCc1ccc2ccccc2c1
CHEMBL8206,Cc1c(S(=O)(=O)N[C@H]2CCN(Cc3cc4[nH]cccc-4n3)C2=O)sc2ccc(Cl)cc12
CHEMBL8315,C[C@@H]1CC2C(CCC3(C)C(=O)CCC23)C2(C)C=CC(=O)C=C12
CHEMBL267430,O=C1[C@@H](NS(=O)(=O)c2ccc(-c3ccon3)s2)CCN1CCNc1ccncc1
CHEMBL8344,Cc1c(S(=O)(=O)N[C@H]2CCN(CCNc3ccncc3)C2=O)sc2cc(Cl)ccc12
CHEMBL8350,CC1=C/C(=C\C(C)C)C(=O)C(C)(O)C12CC2
CHEMBL8254,CCC[C@@H]1CC2C(CCC3(C)C(=O)CCC23)C2(C)C=CC(=O)C=C12
CHEMBL267196,O=C1[C@@H](NS(=O)(=O)c2cc3ccc(Cl)cc3s2)CCN1CCNc1ccncc1
CHEMBL7947,O=C1[C@@H](NS(=O)(=O)c2cc3c(Cl)nccc3s2)CCN1Cc1cc2[nH]cccc-2n1
CHEMBL268226,O=C1[C@@H](NS(=O)(=O)c2cc3ccc(Cl)nc3s2)CCN1Cc1cc2[nH]cccc-2n1
CHEMBL8033,Oc1cccc([C@@H]2CCCNC2)c1
CHEMBL8112,O=C1[C@@H](NS(=O)(=O)c2cc3nc(Cl)ccc3s2)CCN1CCNc1ccncc1
CHEMBL266533,O=C1[C@@H](NS(=O)(=O)c2ccc(-c3ccc(Cl)s3)s2)CCN1Cc1cc2[nH]cccc-2n1
CHEMBL417422,COc1cc2nc(N3CCN(Cc4ccccc4)CC3)cc(N)c2cc1OC
CHEMBL266119,COc1cc2nc(N3CCN(C(=O)c4ccccc4)CC3)cc(N)c2cc1OC
CHEMBL8486,CC(C)[C@H](N)C(=O)N[C@@H](Cc1ccccc1)C(=O)O
CHEMBL269776,NCCCNC(=O)[C@H](CNCc1c[nH]c2ccccc12)NCc1ccc2ccccc2c1
CHEMBL275932,C=C1C(=O)OC2CC3(C)CCCC4(CO4)C3CC12
CHEMBL269539,O=C1[C@@H](NS(=O)(=O)c2cc3cccnc3s2)CCN1Cc1cc2[nH]cccc-2n1
CHEMBL269541,O=S(=O)(Cc1ccccc1)N1Cc2ccccc2N(Cc2c[nH]cn2)C(CCc2ccccc2)C1
CHEMBL266736,CC(C)(C)c1ccc(S(=O)(=O)N[C@H]2CCN(Cc3cc4[nH]cccc-4n3)C2=O)cc1
CHEMBL8368,O=C1[C@@H](NS(=O)(=O)c2ccc(-c3ccon3)s2)CCN1Cc1cc2[nH]cccc-2n1
CHEMBL8369,CCCNC(=O)N1CCN(c2cc(N)c3cc(OC)c(OC)cc3n2)CC1
CHEMBL266305,NCCNC(=O)[C@H](CNCc1ccc2ccccc2c1)NCc1ccc2ccccc2c1
CHEMBL267668,CCCCC[C@H]1CC2C(CCC3(C)C(=O)CCC23)C2(C)C=CC(=O)C=C12
CHEMBL8553,COc1cccc(-c2ccc(C[C@H](CC(=O)NO)C(=O)N[C@H]3c4ccccc4C[C@H]3O)cc2)c1
CHEMBL8554,O=C(O)CNC(=O)c1ccccc1Cl
CHEMBL8744,CC1=C/C(=C\c2ccccc2)C(=O)C(C)(O)C12CC2
CHEMBL267532,Oc1[nH]ncc2c3cc(OCc4ccccc4)ccc3nc1-2
CHEMBL414822,COc1cc2nc(N(C)C)cc(N)c2cc1OC
CHEMBL8287,N[C@H](CCC(=O)O)C(=O)N(Cc1ccc2ccccc2c1)Cc1cccc2ccccc12
CHEMBL266554,O=C1[C@@H](NS(=O)(=O)c2cc3ccc(Cl)nc3s2)CCN1CCNc1ccncc1
CHEMBL416879,N.N.O=c1[nH]c(=O)n(C2CC(O)C(OP(=O)(O)O)O2)cc1F
CHEMBL274563,CC(=O)N(CC(=O)O)c1cccc(C)c1
CHEMBL8619,CC(=O)N(CC(=O)O)c1ccccc1C
CHEMBL8831,C=C1C(=O)OC2CC3(C)CCCC(C)C3=CC12
CHEMBL8503,O=C1[C@@H](NS(=O)(=O)c2cc3c(Cl)nccc3s2)CCN1Cc1cc2c[nH]ccc-2n1
CHEMBL8509,O=C1[C@@H](NS(=O)(=O)c2cc3ccc(Cl)nc3s2)CCN1Cc1cc2c[nH]ccc-2n1
CHEMBL266132,O=C1[C@@H](NS(=O)(=O)c2cc3c(Cl)nccc3s2)CCN1CCNc1ccncc1
CHEMBL269611,O=C1[C@@H](NS(=O)(=O)c2cc3ncccc3s2)CCN1Cc1cc2[nH]cccc-2n1
CHEMBL8632,COc1cc2nc(N3CCN(C(=O)C4COc5ccccc5O4)CC3)cc(N)c2cc1OC
CHEMBL8436,C=C1CC2(CC3CC4(CC(=C)C(=O)O4)CC3C2)OC1=O
CHEMBL276422,C=C1CC2(CCC3(CC2)CC(=C)C(=O)O3)OC1=O
CHEMBL441015,C=C1C(=O)OC2C3CCC(C3)C12
CHEMBL262447,O=C1[C@@H](NS(=O)(=O)c2cc3ccnc(Cl)c3s2)CCN1Cc1cc2[nH]cccc-2n1
CHEMBL8689,COc1cc2nc(N3CCN(C(=O)c4ccco4)CC3)cc(N)c2cc1OC
CHEMBL8382,O=C1[C@@H](NS(=O)(=O)c2cc3ccc(Cl)cc3s2)CCN1Cc1cc2cc[nH]cc-2n1
CHEMBL273769,CC(NC(=O)Cc1ccccc1)C1CCC2C3CC=C4CC(O)CCC4(C)C3CCC12C
CHEMBL8425,CC1=NN(CCOc2ccc3ccccc3c2)C(=O)C1
CHEMBL8426,COc1cc2nc(N3CCN(C(C)=O)CC3)cc(N)c2cc1OC
CHEMBL266765,COc1cccc2c1C(CCCN1CCN(c3cccc(Cl)c3)CC1)=CCC2
CHEMBL266534,COc1cccc2c1C(CCCN1CCN(c3cccc(C(F)(F)F)c3)CC1)=CCC2
CHEMBL8610,C(#CCN1CCCC1)COC1=NOCC1
CHEMBL8510,CN(C)CC#CCN1OCCC1=O
CHEMBL275104,O=C1CCON1CC#CCN1CCCC1
CHEMBL414823,O=C(O)CNC(=O)c1cccc([N+](=O)[O-])c1
CHEMBL8538,COc1ccc(C(=O)NC(C)C(=O)O)cc1
CHEMBL8564,O=C1[C@@H](NS(=O)(=O)c2cc3cccnc3s2)CCN1CCNc1ccncc1
CHEMBL267505,O=C1[C@@H](NS(=O)(=O)c2cc3ncccc3s2)CCN1CCNc1ccncc1
CHEMBL417240,CC(=O)N(c1ccccc1)C(C)C(=O)O
CHEMBL274852,CCCCC(C)(C)C(O)c1cccc(OCc2cccc(C(=O)OC)c2)c1
CHEMBL275749,C=C1CC2(CCCC3CCCCC32)OC1=O
CHEMBL8650,C=C1CC2(OC1=O)C(C)CCCC2C
CHEMBL461,O=C(O)CNC(=O)c1ccccc1
CHEMBL55,N=C(N)c1ccc(OCCCCCOc2ccc(C(=N)N)cc2)cc1
CHEMBL8713,N=C(N)c1ccc(CCCCCCCc2ccc(C(=N)N)cc2)cc1
CHEMBL269204,CC(=O)N(c1ccc(Cl)cc1)C(C)C(=O)O
CHEMBL8481,COc1ccc(N(C(C)=O)C(C)C(=O)O)cc1
CHEMBL274854,C=C1C(=O)OC2CC3(C)CCCC(=O)C3CC12
CHEMBL274877,Cc1ccc(C(=O)NCC(=O)O)cc1
CHEMBL274878,C[C@H]1CC2C(CCC3(C)C(=O)CCC23)C2(C)C=CC(=O)C=C12
CHEMBL416695,C=C1CC(C(C)(C)C)OC1=O
CHEMBL8546,COc1ccc(CC(=O)NC(C)C2CCC3C4CC=C5CC(O)CCC5(C)C4CCC23C)cc1
CHEMBL462,O=C(O)CNC(=O)c1ccc(Cl)cc1
CHEMBL8551,Nc1cccc(C(=O)NCC(=O)O)c1
CHEMBL8747,CCCCCC(O)c1cccc(OCc2ccc3ccccc3n2)c1
CHEMBL8731,C=C1CC(CCCCCCCCCCC)OC1=O
CHEMBL8461,C=C1CC(c2ccccc2)OC1=O
CHEMBL8682,O=C(O)CNC(=O)c1ccc([N+](=O)[O-])cc1
CHEMBL8771,Nc1ncnc2c1ncn2[C@@H]1C=C(CO)[C@@H](O)[C@H]1O
CHEMBL8772,CCCCCC(O)c1cccc(OCc2cccc(CC(=O)O)c2)c1
CHEMBL268381,CC(C)c1cccc(-c2ccc(C[C@H](CC(=O)NO)C(=O)N[C@H]3c4ccccc4C[C@H]3O)cc2)c1
CHEMBL276222,CC(=O)N(c1ccc(C)cc1)C(C)C(=O)O
CHEMBL8775,CC(=O)N(CC(=O)O)c1cccc2ccccc12
CHEMBL276223,C=C1CC2(CCC(C(C)(C)C)CC2)OC1=O
CHEMBL8786,O=C(O)CN(C(=O)c1ccccc1)c1cccc([N+](=O)[O-])c1
CHEMBL8861,O=C1[C@@H](NS(=O)(=O)c2cc3ccnc(Cl)c3s2)CCN1CCNc1ccncc1
CHEMBL463,Nc1ccc(C(=O)NCC(=O)O)cc1
CHEMBL276221,Nc1ccccc1C(=O)NCC(=O)O
CHEMBL274433,O=C(O)CN(C(=O)c1ccccc1)c1ccc(Cl)cc1
CHEMBL8498,CC[C@H]1CC2C(CCC3(C)C(=O)CCC23)C2(C)C=CC(=O)C=C12
CHEMBL8646,CCCC[C@H]1CC2C(CCC3(C)C(=O)CCC23)C2(C)C=CC(=O)C=C12
CHEMBL8607,CC(=O)N(CC(=O)O)c1ccc([N+](=O)[O-])cc1
CHEMBL274118,CC(=O)N(CC(=O)O)c1ccc(Cl)cc1
CHEMBL8381,O=C(O)CN1C(=O)c2cccc3cccc1c23
CHEMBL440603,O=C(O)Cn1c(=O)c2ccccc2c2ccccc21
CHEMBL274775,O=C(O)CN1C(=O)c2ccccc2CCc2ccccc21
CHEMBL276168,CC(=O)N(CC(=O)O)c1ccccc1
CHEMBL266982,O=C(O)CN(C(=O)c1ccccc1)c1cccc2ccccc12
CHEMBL8370,O=C(O)CN(C(=O)c1cccc([N+](=O)[O-])c1)c1ccc([N+](=O)[O-])cc1
CHEMBL8645,O=C1[C@@H](NS(=O)(=O)c2cc3nc(Cl)ccc3s2)CCN1Cc1cc2cc[nH]cc-2n1
CHEMBL8437,O=C1[C@@H](NS(=O)(=O)c2cc3ccc(Cl)cc3s2)CCN1Cc1cc2[nH]cccc-2n1
CHEMBL269333,CCN1C(C(=O)N[C@H](C=O)Cc2ccccc2)=Cc2cc3c(cc2S1(=O)=O)OCCO3
CHEMBL266784,CCNC(=O)C(=O)[C@H](Cc1ccccc1)NC(=O)C1Cc2cc(Cl)ccc2S(=O)(=O)N1CC
CHEMBL8441,COc1ccc(C(=O)NCC(=O)O)cc1
CHEMBL428839,CCCCCC(O)c1cccc(OCc2cccc(C(=O)O)n2)c1
CHEMBL273227,CC(=O)N(CC(=O)O)c1cccc([N+](=O)[O-])c1
CHEMBL8605,O=C[C@H](Cc1ccccc1)NC(=O)C1Cc2ccccc2S(=O)(=O)N1
CHEMBL275369,CCCCCC(O)c1cccc(OCc2ccc(C(=O)OC)cc2)c1
CHEMBL8714,CCCCC(O)c1cccc(OCc2ccccc2C(=O)OC)c1
CHEMBL8522,CCCCCC(O)c1cccc(OCc2cccc(C=O)c2)c1
CHEMBL8841,CCCCCC(O)c1cccc(OCc2cccc(C(=O)OC)n2)c1
CHEMBL8840,Cc1ccc(C(=O)NC(C)C(=O)O)cc1
CHEMBL8853,CC(NC(=O)c1ccccc1)C(=O)O
CHEMBL267531,COc1ccc(N(CC(=O)O)C(=O)c2ccccc2)cc1
CHEMBL275007,Cc1ccc(N(CC(=O)O)C(=O)c2ccccc2)cc1
CHEMBL273228,O=C(O)CN(C(=O)c1ccccc1)c1ccccc1
CHEMBL275005,CC(=O)N(CC(=O)O)c1ccc(N)cc1
CHEMBL274853,CCCCCC(=O)c1cccc(/C=C/c2ccccc2)c1
CHEMBL8622,CCCCCC(O)c1cccc(OCc2cccc(C(F)(F)F)c2)c1
CHEMBL8796,N#CN1CC(CNC(=O)C2CCCCC2)C1
CHEMBL8798,O=C(O)CNC(=O)c1ccc2ccccc2c1
CHEMBL8681,O=C(O)CNC(=O)c1ccccc1[N+](=O)[O-]
CHEMBL8700,CC(=O)N(CC(=O)O)c1ccc(O)cc1
CHEMBL8701,COc1ccc(N(CC(=O)O)C(C)=O)cc1
CHEMBL269384,CCN1C(C(=O)N[C@H](C=O)Cc2ccccc2)Cc2cc3c(cc2S1(=O)=O)OCCO3
CHEMBL276169,N#CN1CC(CNS(=O)(=O)c2ccccc2)C1
CHEMBL8577,N#CN1CC(CNC(=O)c2ccccc2)C1
CHEMBL269385,CC(C(=O)NCc1ccccc1)C1CCC2C3CC=C4CC(O)CCC4(C)C3CCC12C
CHEMBL8452,CC(C)(C)c1ccc(S(=O)(=O)N[C@H]2CCN(CCNc3ccncc3)C2=O)cc1
CHEMBL267910,O=C1[C@@H](NS(=O)(=O)c2ccc(-c3ccccn3)s2)CCN1CCNc1ccncc1
CHEMBL274354,CCCCCC(O)c1cccc(OCc2ccccc2C(=O)OC)c1
CHEMBL275368,O=C1[C@@H](NS(=O)(=O)c2cc3ncccc3s2)CCN1Cc1cc2cc[nH]cc-2n1
CHEMBL266806,O=C1[C@@H](NS(=O)(=O)c2cc3ccnc(Cl)c3s2)CCN1Cc1cc2cc[nH]cc-2n1
CHEMBL8703,O=C[C@H](Cc1ccccc1)NC(=O)C(Cc1ccccc1)NS(=O)(=O)c1ccccc1
CHEMBL8746,O=C([O-])CC(O)CC(O)/C=C/c1c(-c2ccc(F)cc2)c2ccccc2n2nnnc12.[Na+]
CHEMBL266335,O=C(C[C@@H](Cc1ccc(-c2ccccc2CO)cc1)C(=O)N[C@H]1c2ccccc2C[C@H]1O)NO
CHEMBL8820,CCCC/C=C/c1ccc(OCc2cccc(C(=O)OC)c2)cc1
CHEMBL274329,C[N+](C)(C)CC#CCN1OCCC1=O
CHEMBL276398,CCCCCC(O)c1cccc(Oc2ccccc2)c1
CHEMBL8845,CCC(=O)N1N=C(c2ccc(N)cc2)c2cc3c(cc2CC1C)OCO3
CHEMBL8446,CC(NC(=O)c1ccccc1)C1CCC2C3CC=C4CC(O)CCC4(C)C3CCC12C
CHEMBL266351,O=C1[C@@H](NS(=O)(=O)c2ccc(-c3ccncc3)s2)CCN1CCNc1ccncc1
CHEMBL8438,C=C1CC2(CCCCCCCCC2)OC1=O
CHEMBL8439,C=C1CC2(CCCCCC2)OC1=O
CHEMBL8440,CCCCCC(C)(O)c1cccc(OCc2ccccn2)c1
CHEMBL8384,CCCCCC(C)(O)c1cccc(OCc2ccc3ccccc3n2)c1
CHEMBL8844,C=C1CC2(CCCC2)OC1=O
CHEMBL276649,C=C1C(=O)OC2CCCCC12
CHEMBL267909,CC(NC(=O)Cc1ccc([N+](=O)[O-])cc1)C1CCC2C3CC=C4CC(O)CCC4(C)C3CCC12C
CHEMBL9041,C=C1CC2(CCCCC2)OC1=O
CHEMBL8506,O=C1[C@@H](NS(=O)(=O)c2cc3c(Cl)nccc3s2)CCN1Cc1cc2cc[nH]cc-2n1
CHEMBL268655,O=C1[C@@H](NS(=O)(=O)c2cc3ccc(Cl)nc3s2)CCN1Cc1cc2cc[nH]cc-2n1
CHEMBL269660,Nc1nccc2c1ncn2C1CC(O)C(O)C1O
CHEMBL8948,Cn1nnnc1C(CCC(O)CC(O)CC(=O)[O-])Cc1ccc(F)cc1.[Na+]
CHEMBL8960,CC1Cc2cc3c(cc2C(c2ccc(N)cc2)=NN1C=O)OCO3
CHEMBL267957,CC(=O)N(CC(=O)O)c1ccc(C)cc1
CHEMBL9016,CCCC/C=C(/C)c1ccccc1OCc1cccc(C(=O)OC)c1
CHEMBL9004,CCCCCC(O)c1cccc(COc2ccccc2)c1
CHEMBL8818,CCCCCC(O)c1cccc(OCc2ccccc2)c1
CHEMBL8494,CC(C)C[C@H](NC(=O)[C@H](CCc1ccccc1)N[C@H](C)C(=O)O)C(=O)Nc1ccccc1
CHEMBL8595,CC(C)c1cc(/C=C/c2cccs2)cc(C(C)C)c1O
CHEMBL8634,CCCC[C@@H](C[C@@H](CCc1ccc(CCC)cc1)C(=O)N[C@H](C(=O)NC)C(C)(C)C)C(=O)O
CHEMBL8480,N#CN1CCCC1CNC(=O)c1ccccc1
CHEMBL8593,COc1cccc2c1C(CCCN1CCN(c3ccccc3)CC1)=CCC2
CHEMBL418148,CC(N)C(=O)N1N=C(c2ccc(N)cc2)c2cc3c(cc2CC1C)OCO3
CHEMBL268142,CC1Cc2cc3c(cc2C(c2ccc(N)cc2)=NN1C(=O)CC#N)OCO3
CHEMBL8827,CCCCC(C)(C)C(O)c1cccc(OCc2ccccc2)c1
CHEMBL429957,CCCCC(C)(C)C(=O)c1cccc(OCc2ccccc2)c1
CHEMBL8839,N[C@@]1(C(=O)O)CS[C@H]2[C@H](C(=O)O)[C@H]21
CHEMBL8442,CCCCCC(O)c1cccc(/C=C/c2ccccc2)c1
CHEMBL56,CCCN(CCC)C1CCc2cccc(O)c2C1
CHEMBL8594,CC(C)(C)c1cc(C(=O)/C=C/c2ccsc2)cc(C(C)(C)C)c1O
CHEMBL8742,N=C(N)NCCCNCc1c[nH]c2ccccc12
CHEMBL8743,NCCNCc1ccc2ccccc2c1
CHEMBL8756,c1ccc2cc(CN3CCNCC3)ccc2c1
CHEMBL269661,CC(C)(C)c1cc(C(=O)/C=C/c2cccs2)cc(C(C)(C)C)c1O
CHEMBL8726,N#CN1CC(OCC2CCCCC2)C1
CHEMBL275006,CC1=NN=C(c2ccc(N)cc2)c2cc3c(cc2C1)OCO3
CHEMBL9086,COc1ccccc1-c1ccc(C[C@H](CC(=O)NO)C(=O)N[C@H]2c3ccccc3C[C@H]2O)cc1
CHEMBL8913,CCCCCC(O)c1cccc(OCc2cccnc2)c1
CHEMBL268680,O=C(C[C@@H](Cc1ccc(-c2ccccc2-c2nn[nH]n2)cc1)C(=O)N[C@H]1c2ccccc2C[C@H]1O)NO
CHEMBL8524,COc1ccc2c(c1)CCC=C2CCCN1CCN(c2cccc(Cl)c2)CC1
CHEMBL8588,COc1cc2cc(N3CCN(C(=O)c4ccco4)CC3)nc(N)c2cc1OC
CHEMBL266244,CC1Cc2cc3c(cc2C(c2ccc(N)cc2)=NN1C(=O)CN(C)C)OCO3
CHEMBL268144,CNCC(=O)N1N=C(c2ccc(N)cc2)c2cc3c(cc2CC1C)OCO3
CHEMBL8667,CCCCCC(O)c1cccc(OCc2cccc(C#N)c2)c1
CHEMBL267451,CC1Cc2cc3c(cc2C(c2ccc(N)cc2)=NN1C(=O)C(F)(F)F)OCO3
CHEMBL8608,O=C(CCCCCCCCCCBr)CC(=O)N[C@H]1CCOC1=O
CHEMBL8609,CCCCCCCCCC(O)CC(=O)N[C@H]1CCOC1=O
CHEMBL8560,CCCCCC(C)CCC(=O)CC(=O)N[C@H]1CCOC1=O
CHEMBL8561,N=C(N)N1CCN(Cc2ccc3ccccc3c2)CC1
CHEMBL266245,Cc1ccccc1-c1ccc(C[C@H](CC(=O)NO)C(=O)N[C@H]2c3ccccc3C[C@H]2O)cc1
CHEMBL8618,COc1ccccc1N1CCN(CCCCN2C(=O)c3ccccc3C2=O)CC1
CHEMBL275986,CCCCCC(NC)c1cccc(OCc2ccccc2)c1
CHEMBL8549,CCCCCC(=O)c1cccc(OCc2ccc3ccccc3n2)c1
CHEMBL8666,CCOC(=O)/C=C(C)/C(F)=C/C=C(C)/C=C/c1c(C)cc(OC)c(C)c1C
CHEMBL276397,c1ccc2c(CN3CCNCC3)c[nH]c2c1
CHEMBL8453,COc1ccc2c(c1)CCC=C2CCCN1CCN(c2ccccc2)CC1
CHEMBL8589,COc1ccc2c(c1)CCC=C2CCCN1CCNCC1
CHEMBL8547,N#CN1CC(OCc2ccccc2)C1
CHEMBL8591,N#CN1CCCC1CNS(=O)(=O)c1ccccc1
CHEMBL8465,CCCCCC(C)(O)c1cccc(OCc2ccccc2)c1
CHEMBL274353,CC(C)(C)c1cc(/C=C/C(=O)c2ccsc2)cc(C(C)(C)C)c1O
CHEMBL464,CCOC(=O)/C=C(C)/C=C/C=C(C)/C=C/c1c(C)cc(OC)c(C)c1C
CHEMBL8562,CC(C)(C)c1cc(/C=C2\CCOC2=O)cc(C(C)(C)C)c1O
CHEMBL417421,COc1ccc2c(c1)CCC=C2CCCN1CCN(c2ccccn2)CC1
CHEMBL8631,CC(C)(C)c1cc(/C=C/c2ccc[n+]([O-])c2)cc(C(C)(C)C)c1O
CHEMBL463321,CCCCCC(=O)CC(=O)N[C@H]1CCOC1=O
CHEMBL8450,CCCCCCCC(=O)CC(=O)N[C@H]1CCOC1=O
CHEMBL276421,CC(C)(C)c1cc(/C=C/C(=O)c2cccs2)cc(C(C)(C)C)c1O
CHEMBL8704,CCCCCC(O)c1cccc(OCc2ccccn2)c1
CHEMBL8533,CCCCCC(O)c1cccc(OCc2ccncc2)c1
CHEMBL8824,CCCCCC(O)c1ccccc1OCc1cccc(C(=O)OC)c1
CHEMBL8727,CC1Cc2cc3c(cc2C(c2ccc(N)cc2)=NN1C(=O)CN)OCO3
CHEMBL8702,O=C(C[C@@H](Cc1ccc(-c2ccccc2)cc1)C(=O)N[C@H]1c2ccccc2C[C@H]1O)NO
CHEMBL8508,CCCCCC(=O)c1cccc(OCc2ccccc2)c1
CHEMBL267746,CC1Cc2cc3c(cc2C(c2ccc(N)cc2)=NN1C(=O)Cc1ccccc1)OCO3
CHEMBL8972,C=CCCCCCCCCCC(=O)CC(=O)N[C@H]1CCOC1=O
CHEMBL9043,CCCCNC(=O)N1N=C(c2ccc(N)cc2)c2cc3c(cc2CC1C)OCO3
CHEMBL269689,N=C(N)NCCCNCc1ccc2ccccc2c1
CHEMBL8617,COc1cccc2c1C(CCCN1CCN(c3ccccn3)CC1)=CCC2
CHEMBL263716,COc1cc2cc(N(C)C)nc(N)c2cc1OC
CHEMBL269104,CC1Cc2cc3c(cc2C(c2ccc(N)cc2)=NN1C(=O)C(C)(C)C)OCO3
CHEMBL8464,CCCCC(C)(C)C(C)(O)c1cccc(OCc2ccccc2)c1
CHEMBL8552,NCCCNCc1c[nH]c2ccccc12
CHEMBL440590,N#CN1CCC(NC(=O)c2ccccc2)C1
CHEMBL269612,COc1ccc2c(c1)CCC=C2CCCN1CCN(c2ccccc2OC)CC1
CHEMBL8482,COc1cc2cc(N3CCCCC3)nc(N)c2cc1OC
CHEMBL8483,CCCCCCCCCC(=O)CC(=O)N[C@H]1CCOC1=O
CHEMBL8463,CCCCCCCCCCCC(=O)CC(=O)N[C@H]1CCOC1=O
CHEMBL8536,COc1ccccc1N1CCN(CCCC2=CCCc3cccc(OC)c32)CC1
CHEMBL276396,CCOC(=O)/C(=C\c1cc(C(C)(C)C)c(O)c(C(C)(C)C)c1)c1cccnc1
CHEMBL8633,Cn1nnnc1C(/C=C/C(O)CC(O)CC(=O)[O-])=C1c2ccc(F)cc2-c2cc(F)ccc21.[Na+]
CHEMBL8644,COc1ccccc1N1CCN(CCCC2=CCCc3ccccc32)CC1
CHEMBL269688,CCCCCC(O)c1cccc(OCc2cccc(C#N)n2)c1
CHEMBL8447,Cc1cccc(-c2ccc(C[C@H](CC(=O)NO)C(=O)N[C@H]3c4ccccc4C[C@H]3O)cc2)c1
CHEMBL276172,Oc1ccc(/C=C/c2cccnc2)cc1
CHEMBL8620,CN1CC=C(c2c(O)cc(O)c3c(=O)oc(-c4ccccc4Cl)cc23)CC1
CHEMBL8550,CC1Cc2cc3c(cc2C(c2ccc(N)cc2)=NN1C(=O)C1CC1)OCO3
CHEMBL8383,CCCCCC(O)c1cccc(OCc2ccc(OCC(=O)OC)cc2)c1
CHEMBL8397,CC1Cc2cc3c(cc2C(c2ccc(N)cc2)=NN1C(=O)Nc1ccccc1)OCO3
CHEMBL267450,CNC(=O)N1N=C(c2ccc(N)cc2)c2cc3c(cc2CC1C)OCO3
CHEMBL8869,O=C(NCCCn1ccnc1)c1sc2cc(F)ccc2c1Cl
CHEMBL8870,O=C(NCCCn1ccnc1)c1cc2cc(Cl)ccc2s1
CHEMBL8819,O=C(NCCCn1ccnc1)c1sc2ccccc2c1Cl
CHEMBL275080,N#CN1CCC(NS(=O)(=O)c2ccccc2)C1
CHEMBL8797,CCCCCC(=O)c1cccc(OCc2cccc(C#N)c2)c1
CHEMBL8537,CCCCCC(=O)c1cccc(OCc2cccc(C(N)=O)c2)c1
CHEMBL8683,COc1cc2nc(N(C)C)nc(N)c2cc1OC
CHEMBL553335,CCCCC(=O)N1N=C(c2ccc(N)cc2)c2cc3c(cc2CC1C)OCO3
CHEMBL267020,NC(N)=NCCC[C@H](N)C(=O)N(Cc1ccc2ccccc2c1)Cc1cccc2ccccc12
CHEMBL8540,CC(C)(C)c1cc(CCc2cccnc2)cc(C(C)(C)C)c1O
CHEMBL8504,CC(C)(C)c1cc(/C=C/c2ccccc2C(=O)O)cc(C(C)(C)C)c1O
CHEMBL8514,CC(C)(C)[C@]1(O)CCN2C[C@H]3c4ccccc4CCc4cccc(c43)[C@@H]2C1
CHEMBL267222,COc1ccc2c(c1)CCC=C2CCCN1CCN(c2cc(OC)ccc2OC)CC1
CHEMBL8507,COc1ccc2c(c1)CCC=C2CCCN1CCN(c2cccc(C(F)(F)F)c2)CC1
CHEMBL8424,CN1CC=C(c2c(O)cc(O)c3c(O)cc(-c4ccccc4)nc23)CC1
CHEMBL266763,CC1Cc2cc3c(cc2C(c2ccc(N)cc2)=NN1C(=O)c1ccccc1)OCO3
CHEMBL8699,COCC(=O)N1N=C(c2ccc(N)cc2)c2cc3c(cc2CC1C)OCO3
CHEMBL268882,O=C(C[C@@H](Cc1ccc(-c2ccccc2Cl)cc1)C(=O)N[C@H]1c2ccccc2C[C@H]1O)NO
CHEMBL8802,CCCCCC(O)c1cccc(OCc2cccc(C(N)=O)c2)c1
CHEMBL8816,N#CN1CCC(NC(=O)c2ccc(-c3ccccc3)cc2)C1
CHEMBL8563,N#CN1CCC(CNS(=O)(=O)c2ccccc2)C1
CHEMBL8517,N#CN1Cc2cc3ccccc3nc2C1
CHEMBL8656,O=c1cc(-c2ccccc2Cl)oc2c(-c3cncnc3)c(O)cc(O)c12
CHEMBL8474,CCCc1ccc(CC[C@H](N[C@H](C)C(=O)O)C(=O)N[C@@H](CC(C)C)C(=O)Nc2ccccc2)cc1
CHEMBL8539,CCCC[C@@H](C[C@@H](CCc1cccc(-c2ccccc2)c1)C(=O)N[C@H](C(=O)NC)C(C)(C)C)C(=O)O
CHEMBL8826,CCCCCC(O)c1cccc(OCc2cccc(CN)c2)c1
CHEMBL274616,N#CN1CCC(COCc2ccccc2)C1
CHEMBL273229,N#CN1CCC(NC(=O)OCc2ccccc2)C1
CHEMBL8830,O=C(CCCCCCCCCO)CC(=O)N[C@H]1CCOC1=O
CHEMBL8842,CC(C)c1cc(/C=C/c2cccnc2)cc(C(C)C)c1O
CHEMBL8811,CCCCCCCCCC(=O)CC(=O)NC1CCSC1=O
CHEMBL8812,Cc1cn(CCCNC(=O)c2cc3cc(Cl)ccc3[nH]2)cn1
CHEMBL8257,CCCCC(O)c1cccc(OCc2ccccc2CO)c1
CHEMBL8270,Cn1nnnc1C(/C=C/C(O)CC(O)CC(=O)[O-])=C(c1ccc(F)cc1)c1ccc(F)cc1.[Na+]
CHEMBL269164,Cc1cc(/C=C/c2cccnc2)cc(C(C)(C)C)c1O
CHEMBL267530,CC(C)(C)c1cc(/C=C/c2cccnc2)ccc1O
CHEMBL8784,O=C(CCCCCCCCCBr)CC(=O)N[C@H]1CCOC1=O
CHEMBL8785,CCCCCCCCCCC(=O)CC(=O)N[C@H]1CCOC1=O
CHEMBL267747,CCc1c(C)nn(-c2ccccc2)c1-c1ccccc1
CHEMBL8903,O=C(NCCCn1ccnc1)c1cccnc1Cl
CHEMBL267978,O=C(NCCCCCCCCn1ccnc1)c1cc2cc(Cl)ccc2[nH]1
CHEMBL268644,CCc1c(CC(N)=O)nn(-c2ccccc2)c1-c1ccccc1
CHEMBL9018,CCCCCC(O)c1cccc(OCc2cccc(CC(=O)OC)c2)c1
CHEMBL8375,CCCc1c(C)nn(-c2ccccc2)c1-c1ccccc1
CHEMBL267527,CCCCCCCCC(=O)CC(=O)N[C@H]1CCOC1=O
CHEMBL275931,N[C@@H](Cc1cc([N+](=O)[O-])cc([N+](=O)[O-])c1O)C(=O)O
CHEMBL8341,COc1c(CC(NC(=O)OC(C)(C)C)C(=O)O)cc([N+](=O)[O-])cc1[N+](=O)[O-]
CHEMBL416143,O=C(NCCCCn1ccnc1)c1sc2ccccc2c1Cl
CHEMBL8256,CCCc1ccc(CC[C@H](C[C@H](C)C(=O)O)C(=O)N[C@@H](CC(C)C)C(=O)Nc2ccccc2)cc1
CHEMBL269103,C=Cc1c(C)nn(-c2ccccc2)c1-c1ccccc1
CHEMBL268656,O=c1cc(-c2ccccc2Cl)oc2c(-c3ccncc3)c(O)cc(O)c12
CHEMBL8815,CN1CC=C(c2c(O)cc(O)c3c(=O)cc(C4CCCCC4)oc23)CC1
CHEMBL274800,O=C(NCCCn1ccnc1)c1cc2cc(Cl)ccc2[nH]1
CHEMBL262695,Cc1cn(CCCNC(=O)c2cc3ccccc3n2C)cn1
CHEMBL8717,Cc1nccn1CCCNC(=O)c1cc2ccccc2n1C
CHEMBL418334,Cc1cn(C2C=CC(CO)O2)c(=O)[nH]c1=O
CHEMBL8575,CCCCCC(O)c1cccc(OCc2cccc(C(=O)OC)c2)c1
CHEMBL8576,CCCCCC(O)c1cccc(OCc2ccc(C(=O)O)cc2)c1
CHEMBL8462,CCCCCC(O)c1cccc(/C=C\c2ccccc2)c1
CHEMBL276424,CCCCCC(=O)c1cccc(/C=C\c2ccccc2)c1
CHEMBL8800,Cn1nnnc1C(=C\c1ccc(F)cc1)/C=C/C(O)CC(O)CC(=O)[O-].[Na+]
CHEMBL8466,O=C(C[C@@H](Cc1ccc(-c2cccc([N+](=O)[O-])c2)cc1)C(=O)N[C@H]1c2ccccc2C[C@H]1O)NO
CHEMBL266502,CC(C)(C)c1cc(/C=C/c2ccccn2)cc(C(C)(C)C)c1O
CHEMBL8886,Cn1nnnc1C(/C=C/C(O)CC(O)CC(=O)[O-])=C/c1ccc(F)cc1.[Na+]
CHEMBL8887,O=C(NCCCCCn1ccnc1)c1cc2cc(Cl)ccc2[nH]1
CHEMBL268871,CCc1cc(NCc2nc3c(Cl)ccc(Cl)c3o2)c(O)nc1C
CHEMBL57,Cc1ccnc2c1NC(=O)c1cccnc1N2C1CC1
CHEMBL8817,CN1CC[C@@H](c2c(O)cc(O)c3c(=O)cc(-c4ccccc4Cl)oc23)[C@@H](O)C1
CHEMBL275079,N[C@@]1(C(=O)O)CO[C@H]2[C@H](C(=O)O)[C@H]21
CHEMBL261922,CC(CNC(=O)c1cc2cc(Cl)ccc2[nH]1)Cn1ccnc1
CHEMBL8754,O=C(NCCn1ccnc1)c1sc2ccccc2c1Cl
CHEMBL267931,CCCCCCCCCC(=O)CC(=O)N[C@@H](CCO)C(=O)OC
CHEMBL8755,CCCCCCCCCCCC(=O)N[C@H]1CCOC1=O
CHEMBL9052,CN1CC=C(c2c(O)cc(O)c3c(=O)cc(-c4ccncc4)oc23)CC1
CHEMBL9094,CN1CC=C(c2c(O)cc(O)c3c(=O)cc(-c4ccc(Cl)cc4Cl)oc23)CC1
CHEMBL8675,CN1CC=C(c2c(O)cc(O)c3c(=O)cc(-c4ccccc4)oc23)CC1
CHEMBL269124,CN1CC=C(c2c(O)cc(O)c3c(=O)cc(-c4ccccc4I)oc23)CC1
CHEMBL8883,Cc1ccc2c(Cl)c(C(=O)NCCCn3ccnc3)sc2c1
CHEMBL9103,O=C(NCCCn1ccnc1)c1cccs1
CHEMBL9031,CCCCCCCCCCC(=O)N[C@H]1CCOC1=O
CHEMBL8496,O=C(C[C@@H](Cc1ccc(-c2cccc(F)c2)cc1)C(=O)N[C@H]1c2ccccc2C[C@H]1O)NO
CHEMBL267244,CCCCC(C)C(O)c1cccc(OCc2ccccc2)c1
CHEMBL8766,COC(=O)CCCCCCCCCC(=O)CC(=O)N[C@H]1CCOC1=O
CHEMBL8739,CC/C=C\C/C=C\C/C=C\CCCCCCCC(=O)O
